KOTNo,Date,Time,Table,ItemACd,ItemCode,ItemName,Rate,Tax,Amount,Department,Pax,StewardCode,User,ModifyUser,ModifyTime,cancelled,DISCOUNT,TRACKABLE,RoomACD,RoomNO,Autocode,BillACode,BillNo,BillCleared,GRCode,Rm_Coll_Date,KID,TAXABLE,WASTAGE,DEPT_WDisc,QUANTITY,PUR_ITEM,STK_MOVMT,ORD_NO,SIDE_ORD,CESS_PERC
1,"2023-04-24 00:00:00","1899-12-30 14:42:18","1",24,"0024","Classic Margrita (Small)",1.6000000000000000e+02,0.0000000000000000e+00,1.6000000000000000e+02,"K",1,2,"ADMINISTRATOR",,,0,1,0,0,,1,1,"2",0,0,,0,0,0,0,1.0000000000000000e+00,0,0,,0,
1,"2023-04-24 00:00:00","1899-12-30 14:42:18","1",142,"0141","Cappuccino M",1.3000000000000000e+02,0.0000000000000000e+00,2.6000000000000000e+02,"K",1,2,"ADMINISTRATOR",,,0,1,0,0,,2,1,"2",0,0,,0,0,0,0,2.0000000000000000e+00,0,0,,0,
1,"2023-04-24 00:00:00","1899-12-30 14:42:18","1",165,"0164","Muffins",4.0000000000000000e+01,0.0000000000000000e+00,8.0000000000000000e+01,"K",1,2,"ADMINISTRATOR",,,0,1,0,0,,3,1,"2",0,0,,0,0,0,0,2.0000000000000000e+00,0,0,,0,
1,"2023-04-24 00:00:00","1899-12-30 14:42:18","1",135,"0134","Ice Tea Lemon L",1.6000000000000000e+02,0.0000000000000000e+00,3.2000000000000000e+02,"K",1,2,"ADMINISTRATOR",,,0,1,0,0,,4,1,"2",0,0,,0,0,0,0,2.0000000000000000e+00,0,0,,0,
2,"2023-04-24 00:00:00","1899-12-30 16:12:05","1",142,"0141","Cappuccino M",1.3000000000000000e+02,0.0000000000000000e+00,1.3000000000000000e+02,"K",1,2,"ADMINISTRATOR",,,0,1,0,0,,5,2,"3",0,0,,0,0,0,0,1.0000000000000000e+00,0,0,,0,
2,"2023-04-24 00:00:00","1899-12-30 16:12:05","1",175,"0174","Milk Shake Mango",1.5000000000000000e+02,0.0000000000000000e+00,1.5000000000000000e+02,"K",1,2,"ADMINISTRATOR",,,0,0,1,0,,6,2,"3",0,0,,0,0,0,0,1.0000000000000000e+00,0,0,,0,
3,"2023-04-24 00:00:00","1899-12-30 17:21:08","1",53,"0052","Super Greens Sandwich  Simple",1.4000000000000000e+02,0.0000000000000000e+00,1.4000000000000000e+02,"K",1,2,"ADMINISTRATOR",,,0,1,1,0,,7,3,"4",0,0,,0,0,0,0,1.0000000000000000e+00,0,0,,0,
4,"2023-04-24 00:00:00","1899-12-30 20:15:35","1",132,"0131","Fresh Lime Soda M",9.0000000000000000e+01,0.0000000000000000e+00,1.8000000000000000e+02,"K",1,2,"ADMINISTRATOR",,,0,1,0,0,,8,4,"5",0,0,,0,0,0,0,2.0000000000000000e+00,0,0,,0,
5,"2023-04-24 00:00:00","1899-12-30 20:36:57","1",160,"0159","Rich Chocolate Truffle",1.2000000000000000e+02,0.0000000000000000e+00,2.4000000000000000e+02,"K",1,2,"ADMINISTRATOR",,,0,1,0,0,,9,5,"6",0,0,,0,0,0,0,2.0000000000000000e+00,0,0,,0,
6,"2023-04-24 00:00:00","1899-12-30 21:59:58","2",160,"0159","Rich Chocolate Truffle",1.2000000000000000e+02,0.0000000000000000e+00,1.2000000000000000e+02,"K",1,2,"ADMINISTRATOR",,,0,1,0,0,,10,6,"7",0,0,,0,0,0,0,1.0000000000000000e+00,0,0,,0,
6,"2023-04-24 00:00:00","1899-12-30 21:59:58","2",156,"0155","Chocolate Brownie",1.2000000000000000e+02,0.0000000000000000e+00,1.2000000000000000e+02,"K",1,2,"ADMINISTRATOR",,,0,1,0,0,,11,6,"7",0,0,,0,0,0,0,1.0000000000000000e+00,0,0,,0,
7,"2023-04-25 00:00:00","1899-12-30 11:35:48","1",177,"0176","Minral Water",2.5000000000000000e+01,0.0000000000000000e+00,5.0000000000000000e+01,"K",1,2,"ADMINISTRATOR",,,0,0,1,0,,12,7,"8",0,0,,0,0,0,0,2.0000000000000000e+00,0,0,,0,
8,"2023-04-25 00:00:00","1899-12-30 13:32:54","1",24,"0024","Classic Margrita (Small)",1.6000000000000000e+02,0.0000000000000000e+00,4.8000000000000000e+02,"K",1,2,"ADMINISTRATOR",,,0,1,0,0,,13,8,"9",0,0,,0,0,0,0,3.0000000000000000e+00,0,0,,0,
8,"2023-04-25 00:00:00","1899-12-30 13:32:54","1",134,"0133","Ice Tea Lemon M",1.2000000000000000e+02,0.0000000000000000e+00,1.2000000000000000e+02,"K",1,2,"ADMINISTRATOR",,,0,1,0,0,,14,8,"9",0,0,,0,0,0,0,1.0000000000000000e+00,0,0,,0,
8,"2023-04-25 00:00:00","1899-12-30 13:32:54","1",150,"0149","Green Tea M",7.0000000000000000e+01,0.0000000000000000e+00,1.4000000000000000e+02,"K",1,2,"ADMINISTRATOR",,,0,1,0,0,,15,8,"9",0,0,,0,0,0,0,2.0000000000000000e+00,0,0,,0,
8,"2023-04-25 00:00:00","1899-12-30 13:32:54","1",177,"0176","Minral Water",2.5000000000000000e+01,0.0000000000000000e+00,2.5000000000000000e+01,"K",1,2,"ADMINISTRATOR",,,0,0,1,0,,16,8,"9",0,0,,0,0,0,0,1.0000000000000000e+00,0,0,,0,
9,"2023-04-25 00:00:00","1899-12-30 17:09:01","2",143,"0142","Cappuccino L",1.6000000000000000e+02,0.0000000000000000e+00,1.6000000000000000e+02,"K",1,2,"ADMINISTRATOR",,,0,1,0,0,,17,9,"10",0,0,,0,0,0,0,1.0000000000000000e+00,0,0,,0,
9,"2023-04-25 00:00:00","1899-12-30 17:09:01","2",145,"0144","Masala Tea L",1.2000000000000000e+02,0.0000000000000000e+00,2.4000000000000000e+02,"K",1,2,"ADMINISTRATOR",,,0,1,0,0,,18,9,"10",0,0,,0,0,0,0,2.0000000000000000e+00,0,0,,0,
9,"2023-04-25 00:00:00","1899-12-30 17:09:01","2",185,"0184","French Fries",1.1000000000000000e+02,0.0000000000000000e+00,1.1000000000000000e+02,"K",1,2,"ADMINISTRATOR",,,0,0,1,0,,19,9,"10",0,0,,0,0,0,0,1.0000000000000000e+00,0,0,,0,
10,"2023-04-25 00:00:00","1899-12-30 18:16:18","1",178,"0177","Espresso M",7.5000000000000000e+01,0.0000000000000000e+00,7.5000000000000000e+01,"K",1,2,"ADMINISTRATOR",,,0,0,1,0,,20,10,"11",0,0,,0,0,0,0,1.0000000000000000e+00,0,0,,0,
10,"2023-04-25 00:00:00","1899-12-30 18:16:18","1",158,"0157","Choco Lava Cake",1.1000000000000000e+02,0.0000000000000000e+00,1.1000000000000000e+02,"K",1,2,"ADMINISTRATOR",,,0,1,0,0,,21,10,"11",0,0,,0,0,0,0,1.0000000000000000e+00,0,0,,0,
11,"2023-04-25 00:00:00","1899-12-30 19:02:37","1",178,"0177","Espresso M",7.5000000000000000e+01,0.0000000000000000e+00,7.5000000000000000e+01,"K",1,2,"ADMINISTRATOR",,,0,0,1,0,,22,11,"12",0,0,,0,0,0,0,1.0000000000000000e+00,0,0,,0,
11,"2023-04-25 00:00:00","1899-12-30 19:02:37","1",177,"0176","Minral Water",2.5000000000000000e+01,0.0000000000000000e+00,2.5000000000000000e+01,"K",1,2,"ADMINISTRATOR",,,0,0,1,0,,23,11,"12",0,0,,0,0,0,0,1.0000000000000000e+00,0,0,,0,
12,"2023-04-26 00:00:00","1899-12-30 17:19:14","1",178,"0177","Espresso M",7.5000000000000000e+01,0.0000000000000000e+00,3.7500000000000000e+02,"K",1,2,"ADMINISTRATOR",,,0,0,1,0,,24,12,"13",0,0,,0,0,0,0,5.0000000000000000e+00,0,0,,0,
24,"2023-04-29 00:00:00","1899-12-30 09:47:46","1",188,"0187","Vegetable Omelette",8.0000000000000000e+01,0.0000000000000000e+00,8.0000000000000000e+01,"K",1,2,"ADMINISTRATOR",,,0,0,0,0,,48,24,"25",0,0,,0,0,0,0,1.0000000000000000e+00,0,0,,0,
24,"2023-04-29 00:00:00","1899-12-30 09:47:46","1",142,"0141","Cappuccino M",1.3000000000000000e+02,0.0000000000000000e+00,2.6000000000000000e+02,"K",1,2,"ADMINISTRATOR",,,0,1,0,0,,49,24,"25",0,0,,0,0,0,0,2.0000000000000000e+00,0,0,,0,
26,"2023-04-29 00:00:00","1899-12-30 14:19:17","1",142,"0141","Cappuccino M",1.3000000000000000e+02,0.0000000000000000e+00,2.6000000000000000e+02,"K",1,2,"ADMINISTRATOR",,,0,1,0,0,,50,25,"26",0,0,,0,0,0,0,2.0000000000000000e+00,0,0,,0,
26,"2023-04-29 00:00:00","1899-12-30 14:19:17","1",156,"0155","Chocolate Brownie Wheat",1.2000000000000000e+02,0.0000000000000000e+00,1.2000000000000000e+02,"K",1,2,"ADMINISTRATOR",,,0,1,0,0,,51,25,"26",0,0,,0,0,0,0,1.0000000000000000e+00,0,0,,0,
26,"2023-04-29 00:00:00","1899-12-30 14:19:17","1",160,"0159","Rich Chocolate Truffle",1.2000000000000000e+02,0.0000000000000000e+00,2.4000000000000000e+02,"K",1,2,"ADMINISTRATOR",,,0,1,0,0,,52,25,"26",0,0,,0,0,0,0,2.0000000000000000e+00,0,0,,0,
26,"2023-04-29 00:00:00","1899-12-30 14:19:17","1",159,"0158","Oreo Pastry",1.1000000000000000e+02,0.0000000000000000e+00,1.1000000000000000e+02,"K",1,2,"ADMINISTRATOR",,,0,1,0,0,,53,25,"26",0,0,,0,0,0,0,1.0000000000000000e+00,0,0,,0,
27,"2023-04-29 00:00:00","1899-12-30 14:32:05","1",107,"0106","Oreo Cookie Shake ( Medium)",1.8000000000000000e+02,0.0000000000000000e+00,1.8000000000000000e+02,"K",1,2,"ADMINISTRATOR",,,0,1,0,0,,54,26,"27",0,0,,0,0,0,0,1.0000000000000000e+00,0,0,,0,
27,"2023-04-29 00:00:00","1899-12-30 14:32:05","1",154,"0153","Kashmiri Kahwa M",6.0000000000000000e+01,0.0000000000000000e+00,6.0000000000000000e+01,"K",1,2,"ADMINISTRATOR",,,0,1,0,0,,55,26,"27",0,0,,0,0,0,0,1.0000000000000000e+00,0,0,,0,
27,"2023-04-29 00:00:00","1899-12-30 14:32:05","1",140,"0139","Cafe Latte M",1.2000000000000000e+02,0.0000000000000000e+00,1.2000000000000000e+02,"K",1,2,"ADMINISTRATOR",,,0,1,0,0,,56,26,"27",0,0,,0,0,0,0,1.0000000000000000e+00,0,0,,0,
27,"2023-04-29 00:00:00","1899-12-30 14:32:05","1",9,"0009","Spicy Spchicken Wing",2.2000000000000000e+02,0.0000000000000000e+00,2.2000000000000000e+02,"K",1,2,"ADMINISTRATOR",,,0,1,0,0,,57,26,"27",0,0,,0,0,0,0,1.0000000000000000e+00,0,0,,0,
28,"2023-04-29 00:00:00","1899-12-30 14:43:16","1",195,"0194","Kadak Chai M",7.0000000000000000e+01,0.0000000000000000e+00,1.4000000000000000e+02,"K",1,2,"ADMINISTRATOR",,,0,0,0,0,,58,27,"28",0,0,,0,0,0,0,2.0000000000000000e+00,0,0,,0,
28,"2023-04-29 00:00:00","1899-12-30 14:43:16","1",177,"0176","Minral Water",1.0000000000000000e+01,0.0000000000000000e+00,1.0000000000000000e+01,"K",1,2,"ADMINISTRATOR",,,0,0,1,0,,59,27,"28",0,0,,0,0,0,0,1.0000000000000000e+00,0,0,,0,
29,"2023-04-29 00:00:00","1899-12-30 15:32:51","1",90,"0089","Barbeque Chicken Wrap",2.2000000000000000e+02,0.0000000000000000e+00,2.2000000000000000e+02,"K",1,2,"ADMINISTRATOR",,,0,1,0,0,,60,28,"29",0,0,,0,0,0,0,1.0000000000000000e+00,0,0,,0,
30,"2023-04-29 00:00:00","1899-12-30 15:36:46","1",22,"0022","Hot Dog Veg",9.0000000000000000e+01,0.0000000000000000e+00,9.0000000000000000e+01,"K",1,2,"ADMINISTRATOR",,,0,1,0,0,,61,29,"30",0,0,,0,0,0,0,1.0000000000000000e+00,0,0,,0,
31,"2023-04-29 00:00:00","1899-12-30 16:35:26","1",152,"0151","Assam Tea M",7.0000000000000000e+01,0.0000000000000000e+00,7.0000000000000000e+01,"K",1,2,"ADMINISTRATOR",,,0,1,0,0,,62,30,"31",0,0,,0,0,0,0,1.0000000000000000e+00,0,0,,0,
32,"2023-04-29 00:00:00","1899-12-30 16:54:32","1",191,"0190","Diet Cans",8.0000000000000000e+01,0.0000000000000000e+00,8.0000000000000000e+01,"K",1,2,"ADMINISTRATOR",,,0,0,0,0,,63,31,"32",0,0,,0,0,0,0,1.0000000000000000e+00,0,0,,0,
32,"2023-04-29 00:00:00","1899-12-30 16:54:32","1",195,"0194","Kadak Chai M",7.0000000000000000e+01,0.0000000000000000e+00,1.4000000000000000e+02,"K",1,2,"ADMINISTRATOR",,,0,0,0,0,,64,31,"32",0,0,,0,0,0,0,2.0000000000000000e+00,0,0,,0,
32,"2023-04-29 00:00:00","1899-12-30 16:54:32","1",178,"0177","Espresso M",7.5000000000000000e+01,0.0000000000000000e+00,7.5000000000000000e+01,"K",1,2,"ADMINISTRATOR",,,0,0,1,0,,65,31,"32",0,0,,0,0,0,0,1.0000000000000000e+00,0,0,,0,
33,"2023-04-29 00:00:00","1899-12-30 18:20:08","1",172,"0171","Brownie Gluten Free",6.0000000000000000e+01,0.0000000000000000e+00,1.8000000000000000e+02,"K",1,2,"ADMINISTRATOR",,,0,1,0,0,,66,32,"33",0,0,,0,0,0,0,3.0000000000000000e+00,0,0,,0,
34,"2023-04-29 00:00:00","1899-12-30 18:27:25","1",197,"0196","Capsicum & Onion Pizza M",2.0000000000000000e+02,0.0000000000000000e+00,2.0000000000000000e+02,"K",1,2,"ADMINISTRATOR",,,0,0,0,0,,67,33,"34",0,0,,0,0,0,0,1.0000000000000000e+00,0,0,,0,
34,"2023-04-29 00:00:00","1899-12-30 18:27:25","1",177,"0176","Minral Water",1.0000000000000000e+01,0.0000000000000000e+00,1.0000000000000000e+01,"K",1,2,"ADMINISTRATOR",,,0,0,1,0,,68,33,"34",0,0,,0,0,0,0,1.0000000000000000e+00,0,0,,0,
35,"2023-04-29 00:00:00","1899-12-30 18:30:51","1",191,"0190","Diet Cans",8.0000000000000000e+01,0.0000000000000000e+00,8.0000000000000000e+01,"K",1,2,"ADMINISTRATOR",,,0,0,0,0,,69,34,"35",0,0,,0,0,0,0,1.0000000000000000e+00,0,0,,0,
35,"2023-04-29 00:00:00","1899-12-30 18:30:51","1",142,"0141","Cappuccino M",1.3000000000000000e+02,0.0000000000000000e+00,1.3000000000000000e+02,"K",1,2,"ADMINISTRATOR",,,0,1,0,0,,70,34,"35",0,0,,0,0,0,0,1.0000000000000000e+00,0,0,,0,
46,"2023-04-30 00:00:00","1899-12-30 19:39:06","2",212,"0211","Banana Walnut",3.0000000000000000e+01,0.0000000000000000e+00,3.0000000000000000e+01,"K",1,2,"ADMINISTRATOR",,,0,0,0,0,,94,45,"46",0,0,,0,0,0,0,1.0000000000000000e+00,0,0,,0,
46,"2023-04-30 00:00:00","1899-12-30 19:39:06","2",99,"0098","Strawberry Milk Shake (Medium)",1.5000000000000000e+02,0.0000000000000000e+00,1.5000000000000000e+02,"K",1,2,"ADMINISTRATOR",,,0,1,0,0,,95,45,"46",0,0,,0,0,0,0,1.0000000000000000e+00,0,0,,0,
46,"2023-04-30 00:00:00","1899-12-30 19:39:06","2",109,"0108","Brownie Shake ( Medium)",1.9000000000000000e+02,0.0000000000000000e+00,1.9000000000000000e+02,"K",1,2,"ADMINISTRATOR",,,0,1,0,0,,96,45,"46",0,0,,0,0,0,0,1.0000000000000000e+00,0,0,,0,
47,"2023-04-30 00:00:00","1899-12-30 20:19:23","1",197,"0196","Capsicum & Onion Pizza M",2.0000000000000000e+02,0.0000000000000000e+00,2.0000000000000000e+02,"K",1,2,"ADMINISTRATOR",,,0,0,0,0,,97,46,"47",0,0,,0,0,0,0,1.0000000000000000e+00,0,0,,0,
47,"2023-04-30 00:00:00","1899-12-30 20:19:23","1",142,"0141","Cappuccino M",1.3000000000000000e+02,0.0000000000000000e+00,1.3000000000000000e+02,"K",1,2,"ADMINISTRATOR",,,0,1,0,0,,98,46,"47",0,0,,0,0,0,0,1.0000000000000000e+00,0,0,,0,
48,"2023-04-30 00:00:00","1899-12-30 20:24:15","1",195,"0194","Kadak Chai M",7.0000000000000000e+01,0.0000000000000000e+00,1.4000000000000000e+02,"K",1,2,"ADMINISTRATOR",,,0,0,0,0,,99,47,"48",0,0,,0,0,0,0,2.0000000000000000e+00,0,0,,0,
48,"2023-04-30 00:00:00","1899-12-30 20:24:15","1",140,"0139","Cafe Latte M",1.2000000000000000e+02,0.0000000000000000e+00,1.2000000000000000e+02,"K",1,2,"ADMINISTRATOR",,,0,1,0,0,,100,47,"48",0,0,,0,0,0,0,1.0000000000000000e+00,0,0,,0,
49,"2023-04-30 00:00:00","1899-12-30 20:28:49","1",94,"0093","Pesto Pasta ( Non.Veg.)",2.5000000000000000e+02,0.0000000000000000e+00,2.5000000000000000e+02,"K",1,2,"ADMINISTRATOR",,,0,1,0,0,,101,48,"49",0,0,,0,0,0,0,1.0000000000000000e+00,0,0,,0,
49,"2023-04-30 00:00:00","1899-12-30 20:28:49","1",83,"0082","Paneer Tikka Cold Sand (S)",1.6000000000000000e+02,0.0000000000000000e+00,1.6000000000000000e+02,"K",1,2,"ADMINISTRATOR",,,0,1,0,0,,102,48,"49",0,0,,0,0,0,0,1.0000000000000000e+00,0,0,,0,
49,"2023-04-30 00:00:00","1899-12-30 20:28:49","1",194,"0193","Water",2.5000000000000000e+01,0.0000000000000000e+00,5.0000000000000000e+01,"K",1,2,"ADMINISTRATOR",,,0,0,0,0,,103,48,"49",0,0,,0,0,0,0,2.0000000000000000e+00,0,0,,0,
50,"2023-04-30 00:00:00","1899-12-30 21:30:57","1",24,"0024","Classic Margrita (Small)",1.6000000000000000e+02,0.0000000000000000e+00,1.6000000000000000e+02,"K",1,2,"ADMINISTRATOR",,,0,1,0,0,,104,49,"50",0,0,,0,0,0,0,1.0000000000000000e+00,0,0,,0,
50,"2023-04-30 00:00:00","1899-12-30 21:30:57","1",25,"0025","Farm House Pizza (Small)",2.8000000000000000e+02,0.0000000000000000e+00,2.8000000000000000e+02,"K",1,2,"ADMINISTRATOR",,,0,1,0,0,,105,49,"50",0,0,,0,0,0,0,1.0000000000000000e+00,0,0,,0,
50,"2023-04-30 00:00:00","1899-12-30 21:30:57","1",177,"0176","Minral Water",1.0000000000000000e+01,0.0000000000000000e+00,1.0000000000000000e+01,"K",1,2,"ADMINISTRATOR",,,0,0,1,0,,106,49,"50",0,0,,0,0,0,0,1.0000000000000000e+00,0,0,,0,
51,"2023-04-30 00:00:00","1899-12-30 22:03:22","1",158,"0157","Choco Lava Cake",1.1000000000000000e+02,0.0000000000000000e+00,1.1000000000000000e+02,"K",1,2,"ADMINISTRATOR",,,0,1,0,0,,107,50,"51",0,0,,0,0,0,0,1.0000000000000000e+00,0,0,,0,
52,"2023-05-01 00:00:00","1899-12-30 08:40:29","1",215,"0214","Fried Rice Chicken",2.7000000000000000e+02,0.0000000000000000e+00,2.7000000000000000e+02,"K",1,2,"ADMINISTRATOR",,,0,0,0,0,,108,51,"52",0,0,,0,0,0,0,1.0000000000000000e+00,0,0,,0,
52,"2023-05-01 00:00:00","1899-12-30 08:40:29","1",178,"0177","Espresso M",7.5000000000000000e+01,0.0000000000000000e+00,7.5000000000000000e+01,"K",1,2,"ADMINISTRATOR",,,0,0,1,0,,109,51,"52",0,0,,0,0,0,0,1.0000000000000000e+00,0,0,,0,
52,"2023-05-01 00:00:00","1899-12-30 08:40:29","1",194,"0193","Water",2.5000000000000000e+01,0.0000000000000000e+00,2.5000000000000000e+01,"K",1,2,"ADMINISTRATOR",,,0,0,0,0,,110,51,"52",0,0,,0,0,0,0,1.0000000000000000e+00,0,0,,0,
52,"2023-05-01 00:00:00","1899-12-30 08:40:29","1",195,"0194","Kadak Chai M",7.0000000000000000e+01,0.0000000000000000e+00,1.4000000000000000e+02,"K",1,2,"ADMINISTRATOR",,,0,0,0,0,,111,51,"52",0,0,,0,0,0,0,2.0000000000000000e+00,0,0,,0,
53,"2023-05-01 00:00:00","1899-12-30 10:33:48","1",193,"0192","Veg Sandwiches",1.5000000000000000e+02,0.0000000000000000e+00,1.5000000000000000e+02,"K",1,2,"ADMINISTRATOR",,,0,0,0,0,,112,52,"53",0,0,,0,0,0,0,1.0000000000000000e+00,0,0,,0,
53,"2023-05-01 00:00:00","1899-12-30 10:33:48","1",195,"0194","Kadak Chai M",7.0000000000000000e+01,0.0000000000000000e+00,1.4000000000000000e+02,"K",1,2,"ADMINISTRATOR",,,0,0,0,0,,113,52,"53",0,0,,0,0,0,0,2.0000000000000000e+00,0,0,,0,
53,"2023-05-01 00:00:00","1899-12-30 10:33:48","1",189,"0188","Bread Omelette",1.1000000000000000e+02,0.0000000000000000e+00,1.1000000000000000e+02,"K",1,2,"ADMINISTRATOR",,,0,0,0,0,,114,52,"53",0,0,,0,0,0,0,1.0000000000000000e+00,0,0,,0,
53,"2023-05-01 00:00:00","1899-12-30 10:33:48","1",212,"0211","Banana Walnut",3.0000000000000000e+01,0.0000000000000000e+00,3.0000000000000000e+01,"K",1,2,"ADMINISTRATOR",,,0,0,0,0,,115,52,"53",0,0,,0,0,0,0,1.0000000000000000e+00,0,0,,0,
54,"2023-05-01 00:00:00","1899-12-30 10:44:51","1",199,"0198","Hot Chokleet M",1.4000000000000000e+02,0.0000000000000000e+00,1.4000000000000000e+02,"K",1,2,"ADMINISTRATOR",,,0,0,0,0,,116,53,"54",0,0,,0,0,0,0,1.0000000000000000e+00,0,0,,0,
13,"2023-04-26 00:00:00","1899-12-30 21:40:59","1",142,"0141","Cappuccino M",1.3000000000000000e+02,0.0000000000000000e+00,2.6000000000000000e+02,"K",1,2,"ADMINISTRATOR",,,0,1,0,0,,25,13,"14",0,0,,0,0,0,0,2.0000000000000000e+00,0,0,,0,
13,"2023-04-26 00:00:00","1899-12-30 21:41:00","1",160,"0159","Rich Chocolate Truffle",1.2000000000000000e+02,0.0000000000000000e+00,2.4000000000000000e+02,"K",1,2,"ADMINISTRATOR",,,0,1,0,0,,26,13,"14",0,0,,0,0,0,0,2.0000000000000000e+00,0,0,,0,
13,"2023-04-26 00:00:00","1899-12-30 21:41:00","1",177,"0176","Minral Water",2.5000000000000000e+01,0.0000000000000000e+00,2.7500000000000000e+02,"K",1,2,"ADMINISTRATOR",,,0,0,1,0,,27,13,"14",0,0,,0,0,0,0,1.1000000000000000e+01,0,0,,0,
14,"2023-04-27 00:00:00","1899-12-30 12:09:52","1",17,"0017","Chicken Burger",1.3000000000000000e+02,0.0000000000000000e+00,1.3000000000000000e+02,"K",1,2,"ADMINISTRATOR",,,0,1,0,0,,28,14,"15",0,0,,0,0,0,0,1.0000000000000000e+00,0,0,,0,
14,"2023-04-27 00:00:00","1899-12-30 12:09:52","1",137,"137","Ice Tea Peach L",1.9000000000000000e+02,0.0000000000000000e+00,1.9000000000000000e+02,"K",1,2,"ADMINISTRATOR",,,0,1,0,0,,29,14,"15",0,0,,0,0,0,0,1.0000000000000000e+00,0,0,,0,
14,"2023-04-27 00:00:00","1899-12-30 12:09:52","1",136,"0135","Ice Tea Peach M",1.4000000000000000e+02,0.0000000000000000e+00,1.4000000000000000e+02,"K",1,2,"ADMINISTRATOR",,,0,1,0,0,,30,14,"15",0,0,,0,0,0,0,1.0000000000000000e+00,0,0,,0,
14,"2023-04-27 00:00:00","1899-12-30 12:09:52","1",159,"0158","Oreo Pastry",1.1000000000000000e+02,0.0000000000000000e+00,1.1000000000000000e+02,"K",1,2,"ADMINISTRATOR",,,0,1,0,0,,31,14,"15",0,0,,0,0,0,0,1.0000000000000000e+00,0,0,,0,
14,"2023-04-27 00:00:00","1899-12-30 12:09:52","1",172,"0171","Brownie Gluten Free",6.0000000000000000e+01,0.0000000000000000e+00,6.0000000000000000e+01,"K",1,2,"ADMINISTRATOR",,,0,1,0,0,,32,14,"15",0,0,,0,0,0,0,1.0000000000000000e+00,0,0,,0,
15,"2023-04-28 00:00:00","1899-12-30 17:47:07","1",160,"0159","Rich Chocolate Truffle",1.2000000000000000e+02,0.0000000000000000e+00,1.2000000000000000e+02,"K",1,2,"ADMINISTRATOR",,,0,1,0,0,,33,15,"16",0,0,,0,0,0,0,1.0000000000000000e+00,0,0,,0,
15,"2023-04-28 00:00:00","1899-12-30 17:47:07","1",165,"0164","Muffins",4.0000000000000000e+01,0.0000000000000000e+00,8.0000000000000000e+01,"K",1,2,"ADMINISTRATOR",,,0,1,0,0,,34,15,"16",0,0,,0,0,0,0,2.0000000000000000e+00,0,0,,0,
15,"2023-04-28 00:00:00","1899-12-30 17:47:07","1",172,"0171","Brownie Gluten Free",6.0000000000000000e+01,0.0000000000000000e+00,6.0000000000000000e+01,"K",1,2,"ADMINISTRATOR",,,0,1,0,0,,35,15,"16",0,0,,0,0,0,0,1.0000000000000000e+00,0,0,,0,
16,"2023-04-28 00:00:00","1899-12-30 18:36:45","1",107,"0106","Oreo Cookie Shake ( Medium)",1.8000000000000000e+02,0.0000000000000000e+00,1.8000000000000000e+02,"K",1,2,"ADMINISTRATOR",,,0,1,0,0,,36,16,"17",0,0,,0,0,0,0,1.0000000000000000e+00,0,0,,0,
16,"2023-04-28 00:00:00","1899-12-30 18:36:45","1",128,"0127","Cold Coffee M",1.4000000000000000e+02,0.0000000000000000e+00,1.4000000000000000e+02,"K",1,2,"ADMINISTRATOR",,,0,1,0,0,,37,16,"17",0,0,,0,0,0,0,1.0000000000000000e+00,0,0,,0,
17,"2023-04-28 00:00:00","1899-12-30 18:52:44","1",172,"0171","Brownie Gluten Free",6.0000000000000000e+01,0.0000000000000000e+00,1.2000000000000000e+02,"K",1,2,"ADMINISTRATOR",,,0,1,0,0,,38,17,"18",0,0,,0,0,0,0,2.0000000000000000e+00,0,0,,0,
18,"2023-04-28 00:00:00","1899-12-30 18:55:26","1",16,"0016","Spicy Paneer Burger",1.2000000000000000e+02,0.0000000000000000e+00,1.2000000000000000e+02,"K",1,2,"ADMINISTRATOR",,,0,1,0,0,,39,18,"19",0,0,,0,0,0,0,1.0000000000000000e+00,0,0,,0,
19,"2023-04-28 00:00:00","1899-12-30 19:02:31","1",47,"0047","Peri Peri Paneer Tikka And Veg (L)",3.2000000000000000e+02,0.0000000000000000e+00,3.2000000000000000e+02,"K",1,2,"ADMINISTRATOR",,,0,1,0,0,,40,19,"20",0,0,,0,0,0,0,1.0000000000000000e+00,0,0,,0,
20,"2023-04-28 00:00:00","1899-12-30 19:25:05","1",191,"0190","Diet Cans",8.0000000000000000e+01,0.0000000000000000e+00,8.0000000000000000e+01,"K",1,2,"ADMINISTRATOR",,,0,0,0,0,,41,20,"21",0,0,,0,0,0,0,1.0000000000000000e+00,0,0,,0,
21,"2023-04-28 00:00:00","1899-12-30 19:28:26","1",106,"0105","Milk Shake Chocolate (Large)",2.2000000000000000e+02,0.0000000000000000e+00,2.2000000000000000e+02,"K",1,2,"ADMINISTRATOR",,,0,1,0,0,,42,21,"22",0,0,,0,0,0,0,1.0000000000000000e+00,0,0,,0,
22,"2023-04-28 00:00:00","1899-12-30 19:33:32","1",142,"0141","Cappuccino M",1.3000000000000000e+02,0.0000000000000000e+00,1.3000000000000000e+02,"K",1,2,"ADMINISTRATOR",,,0,1,0,0,,43,22,"23",0,0,,0,0,0,0,1.0000000000000000e+00,0,0,,0,
22,"2023-04-28 00:00:00","1899-12-30 19:33:32","1",139,"0138","Espresso L",1.2500000000000000e+02,0.0000000000000000e+00,1.2500000000000000e+02,"K",1,2,"ADMINISTRATOR",,,0,1,0,0,,44,22,"23",0,0,,0,0,0,0,1.0000000000000000e+00,0,0,,0,
23,"2023-04-29 00:00:00","1899-12-30 09:00:13","1",177,"0176","Minral Water",2.5000000000000000e+01,0.0000000000000000e+00,2.2500000000000000e+02,"K",1,2,"ADMINISTRATOR",,,0,0,1,0,,45,23,"24",0,0,,0,0,0,0,9.0000000000000000e+00,0,0,,0,
24,"2023-04-29 00:00:00","1899-12-30 09:47:46","1",192,"0191","Butter Tost",1.1000000000000000e+02,0.0000000000000000e+00,1.1000000000000000e+02,"K",1,2,"ADMINISTRATOR",,,0,0,0,0,,46,24,"25",0,0,,0,0,0,0,1.0000000000000000e+00,0,0,,0,
24,"2023-04-29 00:00:00","1899-12-30 09:47:46","1",193,"0192","Veg Sandwiches",1.5000000000000000e+02,0.0000000000000000e+00,1.5000000000000000e+02,"K",1,2,"ADMINISTRATOR",,,0,0,0,0,,47,24,"25",0,0,,0,0,0,0,1.0000000000000000e+00,0,0,,0,
35,"2023-04-29 00:00:00","1899-12-30 18:30:51","1",45,"0045","Indi Paneer Tikka Pizza (Large)",2.8000000000000000e+02,0.0000000000000000e+00,2.8000000000000000e+02,"K",1,2,"ADMINISTRATOR",,,0,1,0,0,,71,34,"35",0,0,,0,0,0,0,1.0000000000000000e+00,0,0,,0,
36,"2023-04-29 00:00:00","1899-12-30 19:11:19","1",195,"0194","Kadak Chai M",7.0000000000000000e+01,0.0000000000000000e+00,7.0000000000000000e+01,"K",1,2,"ADMINISTRATOR",,,0,0,0,0,,72,35,"36",0,0,,0,0,0,0,1.0000000000000000e+00,0,0,,0,
36,"2023-04-29 00:00:00","1899-12-30 19:11:19","1",55,"0054","Vegetable And Corn (Simple)",1.5000000000000000e+02,0.0000000000000000e+00,1.5000000000000000e+02,"K",1,2,"ADMINISTRATOR",,,0,1,0,0,,73,35,"36",0,0,,0,0,0,0,1.0000000000000000e+00,0,0,,0,
37,"2023-04-30 00:00:00","1899-12-30 09:55:15","1",142,"0141","Cappuccino M",1.3000000000000000e+02,0.0000000000000000e+00,2.6000000000000000e+02,"K",1,2,"ADMINISTRATOR",,,0,1,0,0,,74,36,"37",0,0,,0,0,0,0,2.0000000000000000e+00,0,0,,0,
37,"2023-04-30 00:00:00","1899-12-30 09:55:15","1",200,"0199","Hot Chocolate L",2.1000000000000000e+02,0.0000000000000000e+00,2.1000000000000000e+02,"K",1,2,"ADMINISTRATOR",,,0,0,0,0,,75,36,"37",0,0,,0,0,0,0,1.0000000000000000e+00,0,0,,0,
38,"2023-04-30 00:00:00","1899-12-30 10:07:05","1",160,"0159","Rich Chocolate Truffle",1.2000000000000000e+02,0.0000000000000000e+00,2.4000000000000000e+02,"K",1,2,"ADMINISTRATOR",,,0,1,0,0,,76,37,"38",0,0,,0,0,0,0,2.0000000000000000e+00,0,0,,0,
38,"2023-04-30 00:00:00","1899-12-30 10:07:05","1",201,"0200","Coffi M",8.0000000000000000e+01,0.0000000000000000e+00,8.0000000000000000e+01,"K",1,2,"ADMINISTRATOR",,,0,0,0,0,,77,37,"38",0,0,,0,0,0,0,1.0000000000000000e+00,0,0,,0,
39,"2023-04-30 00:00:00","1899-12-30 10:11:09","1",203,"0202","Ginger Tea M",7.5000000000000000e+01,0.0000000000000000e+00,7.5000000000000000e+01,"K",1,2,"ADMINISTRATOR",,,0,0,0,0,,78,38,"39",0,0,,0,0,0,0,1.0000000000000000e+00,0,0,,0,
39,"2023-04-30 00:00:00","1899-12-30 10:11:09","1",140,"0139","Cafe Latte M",1.2000000000000000e+02,0.0000000000000000e+00,1.2000000000000000e+02,"K",1,2,"ADMINISTRATOR",,,0,1,0,0,,79,38,"39",0,0,,0,0,0,0,1.0000000000000000e+00,0,0,,0,
40,"2023-04-30 00:00:00","1899-12-30 10:53:51","2",76,"0075","Chicken Tikka Panini Combo",2.8000000000000000e+02,0.0000000000000000e+00,2.8000000000000000e+02,"K",1,2,"ADMINISTRATOR",,,0,1,0,0,,80,39,"40",0,0,,0,0,0,0,1.0000000000000000e+00,0,0,,0,
40,"2023-04-30 00:00:00","1899-12-30 10:53:51","2",143,"0142","Cappuccino L",1.6000000000000000e+02,0.0000000000000000e+00,6.4000000000000000e+02,"K",1,2,"ADMINISTRATOR",,,0,1,0,0,,81,39,"40",0,0,,0,0,0,0,4.0000000000000000e+00,0,0,,0,
40,"2023-04-30 00:00:00","1899-12-30 10:53:51","2",139,"0138","Espresso L",1.2500000000000000e+02,0.0000000000000000e+00,1.2500000000000000e+02,"K",1,2,"ADMINISTRATOR",,,0,1,0,0,,82,39,"40",0,0,,0,0,0,0,1.0000000000000000e+00,0,0,,0,
40,"2023-04-30 00:00:00","1899-12-30 10:53:51","2",75,"0074","Chicken Tikka Panini (Simple)",1.9000000000000000e+02,0.0000000000000000e+00,1.9000000000000000e+02,"K",1,2,"ADMINISTRATOR",,,0,1,1,0,,83,39,"40",0,0,,0,0,0,0,1.0000000000000000e+00,0,0,,0,
40,"2023-04-30 00:00:00","1899-12-30 10:53:51","2",55,"0054","Vegetable And Corn (Simple)",1.5000000000000000e+02,0.0000000000000000e+00,1.5000000000000000e+02,"K",1,2,"ADMINISTRATOR",,,0,1,0,0,,84,39,"40",0,0,,0,0,0,0,1.0000000000000000e+00,0,0,,0,
41,"2023-04-30 00:00:00","1899-12-30 14:04:13","2",205,"0204","Rice Plan H",1.1000000000000000e+02,0.0000000000000000e+00,1.1000000000000000e+02,"K",1,2,"ADMINISTRATOR",,,0,0,0,0,,85,40,"41",0,0,,0,0,0,0,1.0000000000000000e+00,0,0,,0,
41,"2023-04-30 00:00:00","1899-12-30 14:04:13","2",207,"0206","Chilly Chicken H",2.5000000000000000e+02,0.0000000000000000e+00,2.5000000000000000e+02,"K",1,2,"ADMINISTRATOR",,,0,0,0,0,,86,40,"41",0,0,,0,0,0,0,1.0000000000000000e+00,0,0,,0,
42,"2023-04-30 00:00:00","1899-12-30 14:17:35","2",142,"0141","Cappuccino M",1.3000000000000000e+02,0.0000000000000000e+00,2.6000000000000000e+02,"K",1,2,"ADMINISTRATOR",,,0,1,0,0,,87,41,"42",0,0,,0,0,0,0,2.0000000000000000e+00,0,0,,0,
43,"2023-04-30 00:00:00","1899-12-30 14:42:45","1",203,"0202","Ginger Tea M",7.5000000000000000e+01,0.0000000000000000e+00,1.5000000000000000e+02,"K",1,2,"ADMINISTRATOR",,,0,0,0,0,,88,42,"43",0,0,,0,0,0,0,2.0000000000000000e+00,0,0,,0,
44,"2023-04-30 00:00:00","1899-12-30 19:11:19","1",5,"0005","Cheezy Pizza Fries",1.7000000000000000e+02,0.0000000000000000e+00,1.7000000000000000e+02,"K",1,2,"ADMINISTRATOR",,,0,1,0,0,,89,43,"44",0,0,,0,0,0,0,1.0000000000000000e+00,0,0,,0,
44,"2023-04-30 00:00:00","1899-12-30 19:11:19","1",209,"0208","Tulsi Green Tea M",7.0000000000000000e+01,0.0000000000000000e+00,7.0000000000000000e+01,"K",1,2,"ADMINISTRATOR",,,0,0,0,0,,90,43,"44",0,0,,0,0,0,0,1.0000000000000000e+00,0,0,,0,
45,"2023-04-30 00:00:00","1899-12-30 19:13:23","2",211,"0210","Masala Tea M",6.0000000000000000e+01,0.0000000000000000e+00,6.0000000000000000e+01,"K",1,2,"ADMINISTRATOR",,,0,0,0,0,,91,44,"45",0,0,,0,0,0,0,1.0000000000000000e+00,0,0,,0,
45,"2023-04-30 00:00:00","1899-12-30 19:13:23","2",142,"0141","Cappuccino M",1.3000000000000000e+02,0.0000000000000000e+00,1.3000000000000000e+02,"K",1,2,"ADMINISTRATOR",,,0,1,0,0,,92,44,"45",0,0,,0,0,0,0,1.0000000000000000e+00,0,0,,0,
46,"2023-04-30 00:00:00","1899-12-30 19:39:06","2",15,"0015","Herb Chilly Potato Burger",9.0000000000000000e+01,0.0000000000000000e+00,9.0000000000000000e+01,"K",1,2,"ADMINISTRATOR",,,0,1,0,0,,93,45,"46",0,0,,0,0,0,0,1.0000000000000000e+00,0,0,,0,
55,"2023-05-01 00:00:00","1899-12-30 10:55:32","2",160,"0159","Rich Chocolate Truffle",1.2000000000000000e+02,0.0000000000000000e+00,1.2000000000000000e+02,"K",1,2,"ADMINISTRATOR",,,0,1,0,0,,117,54,"55",0,0,,0,0,0,0,1.0000000000000000e+00,0,0,,0,
55,"2023-05-01 00:00:00","1899-12-30 10:55:32","2",142,"0141","Cappuccino M",1.3000000000000000e+02,0.0000000000000000e+00,1.3000000000000000e+02,"K",1,2,"ADMINISTRATOR",,,0,1,0,0,,118,54,"55",0,0,,0,0,0,0,1.0000000000000000e+00,0,0,,0,
56,"2023-05-01 00:00:00","1899-12-30 12:32:43","1",156,"0155","Chocolate Brownie Wheat",1.2000000000000000e+02,0.0000000000000000e+00,1.2000000000000000e+02,"K",1,2,"ADMINISTRATOR",,,0,1,0,0,,119,55,"56",0,0,,0,0,0,0,1.0000000000000000e+00,0,0,,0,
57,"2023-05-01 00:00:00","1899-12-30 12:56:29","1",147,"0146","Lemon Tea L",1.1000000000000000e+02,0.0000000000000000e+00,2.2000000000000000e+02,"K",1,2,"ADMINISTRATOR",,,0,1,0,0,,120,56,"57",0,0,,0,0,0,0,2.0000000000000000e+00,0,0,,0,
58,"2023-05-01 00:00:00","1899-12-30 13:00:19","1",158,"0157","Choco Lava Cake",1.1000000000000000e+02,0.0000000000000000e+00,1.1000000000000000e+02,"K",1,2,"ADMINISTRATOR",,,0,1,0,0,,121,57,"58",0,0,,0,0,0,0,1.0000000000000000e+00,0,0,,0,
59,"2023-05-01 00:00:00","1899-12-30 13:01:27","1",146,"0145","Lemon Tea M",7.0000000000000000e+01,0.0000000000000000e+00,1.4000000000000000e+02,"K",1,2,"ADMINISTRATOR",,,0,1,0,0,,122,58,"59",0,0,,0,0,0,0,2.0000000000000000e+00,0,0,,0,
59,"2023-05-01 00:00:00","1899-12-30 13:01:27","1",212,"0211","Banana Walnut",3.0000000000000000e+01,0.0000000000000000e+00,3.0000000000000000e+01,"K",1,2,"ADMINISTRATOR",,,0,0,0,0,,123,58,"59",0,0,,0,0,0,0,1.0000000000000000e+00,0,0,,0,
60,"2023-05-01 00:00:00","1899-12-30 13:02:30","2",140,"0139","Cafe Latte M",1.2000000000000000e+02,0.0000000000000000e+00,3.6000000000000000e+02,"K",1,2,"ADMINISTRATOR",,,0,1,0,0,,124,59,"60",0,0,,0,0,0,0,3.0000000000000000e+00,0,0,,0,
61,"2023-05-01 00:00:00","1899-12-30 13:09:13","1",212,"0211","Banana Walnut",3.0000000000000000e+01,0.0000000000000000e+00,6.0000000000000000e+01,"K",1,2,"ADMINISTRATOR",,,0,0,0,0,,125,60,"61",0,0,,0,0,0,0,2.0000000000000000e+00,0,0,,0,
62,"2023-05-01 00:00:00","1899-12-30 13:35:59","1",153,"0152","Assam Tea L",1.3000000000000000e+02,0.0000000000000000e+00,2.6000000000000000e+02,"K",1,2,"ADMINISTRATOR",,,0,1,0,0,,126,61,"62",0,0,,0,0,0,0,2.0000000000000000e+00,0,0,,0,
63,"2023-05-01 00:00:00","1899-12-30 13:49:47","1",203,"0202","Ginger Tea M",7.5000000000000000e+01,0.0000000000000000e+00,1.5000000000000000e+02,"K",1,2,"ADMINISTRATOR",,,0,0,0,0,,127,62,"63",0,0,,0,0,0,0,2.0000000000000000e+00,0,0,,0,
63,"2023-05-01 00:00:00","1899-12-30 13:49:47","1",61,"0060","Chicken Salami And Cheese (Simple)",1.8000000000000000e+02,0.0000000000000000e+00,1.8000000000000000e+02,"K",1,2,"ADMINISTRATOR",,,0,1,0,0,,128,62,"63",0,0,,0,0,0,0,1.0000000000000000e+00,0,0,,0,
64,"2023-05-01 00:00:00","1899-12-30 14:23:02","1",58,"0057","Peppy Paneer Tikka Grill Sand (C)",2.6000000000000000e+02,0.0000000000000000e+00,2.6000000000000000e+02,"K",1,2,"ADMINISTRATOR",,,0,1,0,0,,129,63,"64",0,0,,0,0,0,0,1.0000000000000000e+00,0,0,,0,
64,"2023-05-01 00:00:00","1899-12-30 14:23:02","1",199,"0198","Hot Chokleet M",1.4000000000000000e+02,0.0000000000000000e+00,1.4000000000000000e+02,"K",1,2,"ADMINISTRATOR",,,0,0,0,0,,130,63,"64",0,0,,0,0,0,0,1.0000000000000000e+00,0,0,,0,
64,"2023-05-01 00:00:00","1899-12-30 14:23:02","1",15,"0015","Herb Chilly Potato Burger",9.0000000000000000e+01,0.0000000000000000e+00,9.0000000000000000e+01,"K",1,2,"ADMINISTRATOR",,,0,1,0,0,,131,63,"64",0,0,,0,0,0,0,1.0000000000000000e+00,0,0,,0,
64,"2023-05-01 00:00:00","1899-12-30 14:23:02","1",212,"0211","Banana Walnut",3.0000000000000000e+01,0.0000000000000000e+00,3.0000000000000000e+01,"K",1,2,"ADMINISTRATOR",,,0,0,0,0,,132,63,"64",0,0,,0,0,0,0,1.0000000000000000e+00,0,0,,0,
64,"2023-05-01 00:00:00","1899-12-30 14:23:02","1",213,"0212","Choco Chip",2.0000000000000000e+01,0.0000000000000000e+00,2.0000000000000000e+01,"K",1,2,"ADMINISTRATOR",,,0,0,0,0,,133,63,"64",0,0,,0,0,0,0,1.0000000000000000e+00,0,0,,0,
64,"2023-05-01 00:00:00","1899-12-30 14:23:02","1",214,"0213","Marble Cake",2.0000000000000000e+01,0.0000000000000000e+00,2.0000000000000000e+01,"K",1,2,"ADMINISTRATOR",,,0,0,0,0,,134,63,"64",0,0,,0,0,0,0,1.0000000000000000e+00,0,0,,0,
65,"2023-05-01 00:00:00","1899-12-30 15:11:41","1",71,"0070","Cheesy Mushroom Corn Panini (S)",1.8000000000000000e+02,0.0000000000000000e+00,1.8000000000000000e+02,"K",1,2,"ADMINISTRATOR",,,0,1,0,0,,135,64,"65",0,0,,0,0,0,0,1.0000000000000000e+00,0,0,,0,
65,"2023-05-01 00:00:00","1899-12-30 15:11:41","1",73,"0072","Paner Tikka Cheese Panini Simple",1.9000000000000000e+02,0.0000000000000000e+00,3.8000000000000000e+02,"K",1,2,"ADMINISTRATOR",,,0,1,0,0,,136,64,"65",0,0,,0,0,0,0,2.0000000000000000e+00,0,0,,0,
65,"2023-05-01 00:00:00","1899-12-30 15:11:41","1",79,"0078","Barbeque Chicken And Jalapeno (S)",2.2000000000000000e+02,0.0000000000000000e+00,2.2000000000000000e+02,"K",1,2,"ADMINISTRATOR",,,0,1,0,0,,137,64,"65",0,0,,0,0,0,0,1.0000000000000000e+00,0,0,,0,
65,"2023-05-01 00:00:00","1899-12-30 15:11:41","1",128,"0127","Cold Coffee M",1.4000000000000000e+02,0.0000000000000000e+00,1.4000000000000000e+02,"K",1,2,"ADMINISTRATOR",,,0,1,0,0,,138,64,"65",0,0,,0,0,0,0,1.0000000000000000e+00,0,0,,0,
65,"2023-05-01 00:00:00","1899-12-30 15:11:41","1",132,"0131","Fresh Lime Soda M",9.0000000000000000e+01,0.0000000000000000e+00,1.8000000000000000e+02,"K",1,2,"ADMINISTRATOR",,,0,1,0,0,,139,64,"65",0,0,,0,0,0,0,2.0000000000000000e+00,0,0,,0,
65,"2023-05-01 00:00:00","1899-12-30 15:11:41","1",142,"0141","Cappuccino M",1.3000000000000000e+02,0.0000000000000000e+00,1.3000000000000000e+02,"K",1,2,"ADMINISTRATOR",,,0,1,0,0,,140,64,"65",0,0,,0,0,0,0,1.0000000000000000e+00,0,0,,0,
66,"2023-05-01 00:00:00","1899-12-30 15:16:44","1",158,"0157","Choco Lava Cake",1.1000000000000000e+02,0.0000000000000000e+00,1.1000000000000000e+02,"K",1,2,"ADMINISTRATOR",,,0,1,0,0,,141,65,"66",0,0,,0,0,0,0,1.0000000000000000e+00,0,0,,0,
66,"2023-05-01 00:00:00","1899-12-30 15:16:44","1",212,"0211","Banana Walnut",3.0000000000000000e+01,0.0000000000000000e+00,3.0000000000000000e+01,"K",1,2,"ADMINISTRATOR",,,0,0,0,0,,142,65,"66",0,0,,0,0,0,0,1.0000000000000000e+00,0,0,,0,
67,"2023-05-01 00:00:00","1899-12-30 15:35:46","1",146,"0145","Lemon Tea M",7.0000000000000000e+01,0.0000000000000000e+00,7.0000000000000000e+01,"K",1,2,"ADMINISTRATOR",,,0,1,0,0,,143,66,"67",0,0,,0,0,0,0,1.0000000000000000e+00,0,0,,0,
67,"2023-05-01 00:00:00","1899-12-30 15:35:46","1",203,"0202","Ginger Tea M",7.5000000000000000e+01,0.0000000000000000e+00,7.5000000000000000e+01,"K",1,2,"ADMINISTRATOR",,,0,0,0,0,,144,66,"67",0,0,,0,0,0,0,1.0000000000000000e+00,0,0,,0,
68,"2023-05-01 00:00:00","1899-12-30 16:53:41","1",208,"0207","Chilly Chicken F",3.5000000000000000e+02,0.0000000000000000e+00,3.5000000000000000e+02,"K",1,2,"ADMINISTRATOR",,,0,0,0,0,,145,67,"68",0,0,,0,0,0,0,1.0000000000000000e+00,0,0,,0,
68,"2023-05-01 00:00:00","1899-12-30 16:53:41","1",30,"0030","Indi Chicken Tikka (Small)",2.4000000000000000e+02,0.0000000000000000e+00,2.4000000000000000e+02,"K",1,2,"ADMINISTRATOR",,,0,1,0,0,,146,67,"68",0,0,,0,0,0,0,1.0000000000000000e+00,0,0,,0,
68,"2023-05-01 00:00:00","1899-12-30 16:53:41","1",11,"0011","Fried Rise Chicken",2.7000000000000000e+02,0.0000000000000000e+00,8.1000000000000000e+02,"K",1,2,"ADMINISTRATOR",,,0,1,0,0,,147,67,"68",0,0,,0,0,0,0,3.0000000000000000e+00,0,0,,0,
68,"2023-05-01 00:00:00","1899-12-30 16:53:41","1",177,"0176","Minral Water",1.0000000000000000e+01,0.0000000000000000e+00,3.0000000000000000e+01,"K",1,2,"ADMINISTRATOR",,,0,0,1,0,,148,67,"68",0,0,,0,0,0,0,3.0000000000000000e+00,0,0,,0,
68,"2023-05-01 00:00:00","1899-12-30 16:53:41","1",152,"0151","Assam Tea M",7.0000000000000000e+01,0.0000000000000000e+00,7.0000000000000000e+01,"K",1,2,"ADMINISTRATOR",,,0,1,0,0,,149,67,"68",0,0,,0,0,0,0,1.0000000000000000e+00,0,0,,0,
68,"2023-05-01 00:00:00","1899-12-30 16:53:41","1",195,"0194","Kadak Chai M",7.0000000000000000e+01,0.0000000000000000e+00,1.4000000000000000e+02,"K",1,2,"ADMINISTRATOR",,,0,0,0,0,,150,67,"68",0,0,,0,0,0,0,2.0000000000000000e+00,0,0,,0,
68,"2023-05-01 00:00:00","1899-12-30 16:53:41","1",162,"0161","Chocolate Vanilla Waffle",1.2000000000000000e+02,0.0000000000000000e+00,1.2000000000000000e+02,"K",1,2,"ADMINISTRATOR",,,0,1,1,0,,151,67,"68",0,0,,0,0,0,0,1.0000000000000000e+00,0,0,,0,
69,"2023-05-01 00:00:00","1899-12-30 16:59:57","1",140,"0139","Cafe Latte M",1.2000000000000000e+02,0.0000000000000000e+00,1.2000000000000000e+02,"K",1,2,"ADMINISTRATOR",,,0,1,0,0,,152,68,"69",0,0,,0,0,0,0,1.0000000000000000e+00,0,0,,0,
69,"2023-05-01 00:00:00","1899-12-30 16:59:57","1",177,"0176","Minral Water",1.0000000000000000e+01,0.0000000000000000e+00,1.0000000000000000e+01,"K",1,2,"ADMINISTRATOR",,,0,0,1,0,,153,68,"69",0,0,,0,0,0,0,1.0000000000000000e+00,0,0,,0,
70,"2023-05-01 00:00:00","1899-12-30 17:39:48","2",95,"0094","Chessy White ( Veg.)",2.0000000000000000e+02,0.0000000000000000e+00,2.0000000000000000e+02,"K",1,2,"ADMINISTRATOR",,,0,1,0,0,,154,69,"70",0,0,,0,0,0,0,1.0000000000000000e+00,0,0,,0,
70,"2023-05-01 00:00:00","1899-12-30 17:39:48","2",87,"0086","Vegetable Wrap",1.2000000000000000e+02,0.0000000000000000e+00,1.2000000000000000e+02,"K",1,2,"ADMINISTRATOR",,,0,1,0,0,,155,69,"70",0,0,,0,0,0,0,1.0000000000000000e+00,0,0,,0,
70,"2023-05-01 00:00:00","1899-12-30 17:39:48","2",177,"0176","Minral Water",1.0000000000000000e+01,0.0000000000000000e+00,1.0000000000000000e+01,"K",1,2,"ADMINISTRATOR",,,0,0,1,0,,156,69,"70",0,0,,0,0,0,0,1.0000000000000000e+00,0,0,,0,
71,"2023-05-01 00:00:00","1899-12-30 17:40:48","2",195,"0194","Kadak Chai M",7.0000000000000000e+01,0.0000000000000000e+00,7.0000000000000000e+01,"K",1,2,"ADMINISTRATOR",,,0,0,0,0,,157,70,"71",0,0,,0,0,0,0,1.0000000000000000e+00,0,0,,0,
71,"2023-05-01 00:00:00","1899-12-30 17:40:48","2",128,"0127","Cold Coffee M",1.4000000000000000e+02,0.0000000000000000e+00,1.4000000000000000e+02,"K",1,2,"ADMINISTRATOR",,,0,1,0,0,,158,70,"71",0,0,,0,0,0,0,1.0000000000000000e+00,0,0,,0,
71,"2023-05-01 00:00:00","1899-12-30 17:40:48","2",216,"0215","Cheese Sandwich",1.5000000000000000e+02,5.0000000000000000e+00,1.5000000000000000e+02,"K",1,2,"ADMINISTRATOR",,,0,0,0,0,,159,70,"71",0,0,,0,0,0,0,1.0000000000000000e+00,0,0,,0,
72,"2023-05-01 00:00:00","1899-12-30 18:10:47","1",4,"5","Peri Peri French Fries",1.2000000000000000e+02,0.0000000000000000e+00,1.2000000000000000e+02,"K",1,2,"ADMINISTRATOR",,,0,1,0,0,,160,71,"72",0,0,,0,0,0,0,1.0000000000000000e+00,0,0,,0,
72,"2023-05-01 00:00:00","1899-12-30 18:10:47","1",129,"0128","Cold Coffee L",2.2000000000000000e+02,0.0000000000000000e+00,2.2000000000000000e+02,"K",1,2,"ADMINISTRATOR",,,0,1,0,0,,161,71,"72",0,0,,0,0,0,0,1.0000000000000000e+00,0,0,,0,
72,"2023-05-01 00:00:00","1899-12-30 18:10:47","1",195,"0194","Kadak Chai M",7.0000000000000000e+01,0.0000000000000000e+00,7.0000000000000000e+01,"K",1,2,"ADMINISTRATOR",,,0,0,0,0,,162,71,"72",0,0,,0,0,0,0,1.0000000000000000e+00,0,0,,0,
72,"2023-05-01 00:00:00","1899-12-30 18:10:47","1",158,"0157","Choco Lava Cake",1.1000000000000000e+02,0.0000000000000000e+00,1.1000000000000000e+02,"K",1,2,"ADMINISTRATOR",,,0,1,0,0,,163,71,"72",0,0,,0,0,0,0,1.0000000000000000e+00,0,0,,0,
72,"2023-05-01 00:00:00","1899-12-30 18:10:47","1",214,"0213","Marble Cake",2.0000000000000000e+01,0.0000000000000000e+00,2.0000000000000000e+01,"K",1,2,"ADMINISTRATOR",,,0,0,0,0,,164,71,"72",0,0,,0,0,0,0,1.0000000000000000e+00,0,0,,0,
73,"2023-05-01 00:00:00","1899-12-30 18:24:09","1",136,"0135","Ice Tea Peach M",1.4000000000000000e+02,0.0000000000000000e+00,1.4000000000000000e+02,"K",1,2,"ADMINISTRATOR",,,0,1,0,0,,165,72,"73",0,0,,0,0,0,0,1.0000000000000000e+00,0,0,,0,
73,"2023-05-01 00:00:00","1899-12-30 18:24:09","1",195,"0194","Kadak Chai M",7.0000000000000000e+01,0.0000000000000000e+00,7.0000000000000000e+01,"K",1,2,"ADMINISTRATOR",,,0,0,0,0,,166,72,"73",0,0,,0,0,0,0,1.0000000000000000e+00,0,0,,0,
74,"2023-05-01 00:00:00","1899-12-30 18:26:17","1",195,"0194","Kadak Chai M",7.0000000000000000e+01,0.0000000000000000e+00,7.0000000000000000e+01,"K",1,2,"ADMINISTRATOR",,,0,0,0,0,,167,73,"74",0,0,,0,0,0,0,1.0000000000000000e+00,0,0,,0,
75,"2023-05-01 00:00:00","1899-12-30 18:35:18","1",172,"0171","Brownie Gluten Free",6.0000000000000000e+01,0.0000000000000000e+00,1.2000000000000000e+02,"K",1,2,"ADMINISTRATOR",,,0,1,0,0,,168,74,"75",0,0,,0,0,0,0,2.0000000000000000e+00,0,0,,0,
75,"2023-05-01 00:00:00","1899-12-30 18:35:18","1",165,"0164","Muffins",4.0000000000000000e+01,0.0000000000000000e+00,8.0000000000000000e+01,"K",1,2,"ADMINISTRATOR",,,0,1,0,0,,169,74,"75",0,0,,0,0,0,0,2.0000000000000000e+00,0,0,,0,
75,"2023-05-01 00:00:00","1899-12-30 18:35:18","1",214,"0213","Marble Cake",2.0000000000000000e+01,0.0000000000000000e+00,6.0000000000000000e+01,"K",1,2,"ADMINISTRATOR",,,0,0,0,0,,170,74,"75",0,0,,0,0,0,0,3.0000000000000000e+00,0,0,,0,
76,"2023-05-01 00:00:00","1899-12-30 20:48:58","1",215,"0214","Fried Rice Chicken",2.7000000000000000e+02,0.0000000000000000e+00,2.7000000000000000e+02,"K",1,2,"ADMINISTRATOR",,,0,0,0,0,,171,75,"76",0,0,,0,0,0,0,1.0000000000000000e+00,0,0,,0,
76,"2023-05-01 00:00:00","1899-12-30 20:48:58","1",211,"0210","Masala Tea M",6.0000000000000000e+01,0.0000000000000000e+00,6.0000000000000000e+01,"K",1,2,"ADMINISTRATOR",,,0,0,0,0,,172,75,"76",0,0,,0,0,0,0,1.0000000000000000e+00,0,0,,0,
76,"2023-05-01 00:00:00","1899-12-30 20:48:58","1",177,"0176","Minral Water",1.0000000000000000e+01,0.0000000000000000e+00,1.0000000000000000e+01,"K",1,2,"ADMINISTRATOR",,,0,0,1,0,,173,75,"76",0,0,,0,0,0,0,1.0000000000000000e+00,0,0,,0,
77,"2023-05-02 00:00:00","1899-12-30 10:39:33","1",44,"0044","Farm House Pizza (Large)",3.6000000000000000e+02,0.0000000000000000e+00,7.2000000000000000e+02,"K",1,2,"ADMINISTRATOR",,,0,1,0,0,,174,76,"77",0,0,,0,0,0,0,2.0000000000000000e+00,0,0,,0,
77,"2023-05-02 00:00:00","1899-12-30 10:39:33","1",15,"0015","Herb Chilly Potato Burger",9.0000000000000000e+01,0.0000000000000000e+00,1.8000000000000000e+02,"K",1,2,"ADMINISTRATOR",,,0,1,0,0,,175,76,"77",0,0,,0,0,0,0,2.0000000000000000e+00,0,0,,0,
77,"2023-05-02 00:00:00","1899-12-30 10:39:33","1",218,"0217","Water L",2.5000000000000000e+01,0.0000000000000000e+00,7.5000000000000000e+01,"K",1,2,"ADMINISTRATOR",,,0,0,0,0,,176,76,"77",0,0,,0,0,0,0,3.0000000000000000e+00,0,0,,0,
77,"2023-05-02 00:00:00","1899-12-30 10:39:33","1",187,"0186","Baby Corn Chat",9.0000000000000000e+01,0.0000000000000000e+00,9.0000000000000000e+01,"K",1,2,"ADMINISTRATOR",,,0,0,0,0,,177,76,"77",0,0,,0,0,0,0,1.0000000000000000e+00,0,0,,0,
78,"2023-05-02 00:00:00","1899-12-30 11:48:08","1",127,"0126","Coolberg Ginger",1.2000000000000000e+02,0.0000000000000000e+00,1.2000000000000000e+02,"K",1,2,"ADMINISTRATOR",,,0,1,1,0,,178,77,"78",0,0,,0,0,0,0,1.0000000000000000e+00,0,0,,0,
78,"2023-05-02 00:00:00","1899-12-30 11:48:08","1",142,"0141","Cappuccino M",1.3000000000000000e+02,0.0000000000000000e+00,3.9000000000000000e+02,"K",1,2,"ADMINISTRATOR",,,0,1,0,0,,179,77,"78",0,0,,0,0,0,0,3.0000000000000000e+00,0,0,,0,
78,"2023-05-02 00:00:00","1899-12-30 11:48:08","1",97,"0096","Mildly Pink ( Veg.)",2.2000000000000000e+02,0.0000000000000000e+00,2.2000000000000000e+02,"K",1,2,"ADMINISTRATOR",,,0,1,0,0,,180,77,"78",0,0,,0,0,0,0,1.0000000000000000e+00,0,0,,0,
78,"2023-05-02 00:00:00","1899-12-30 11:48:08","1",15,"0015","Herb Chilly Potato Burger",9.0000000000000000e+01,0.0000000000000000e+00,1.8000000000000000e+02,"K",1,2,"ADMINISTRATOR",,,0,1,0,0,,181,77,"78",0,0,,0,0,0,0,2.0000000000000000e+00,0,0,,0,
78,"2023-05-02 00:00:00","1899-12-30 11:48:08","1",193,"0192","Veg Sandwiches",1.5000000000000000e+02,0.0000000000000000e+00,1.5000000000000000e+02,"K",1,2,"ADMINISTRATOR",,,0,0,0,0,,182,77,"78",0,0,,0,0,0,0,1.0000000000000000e+00,0,0,,0,
79,"2023-05-02 00:00:00","1899-12-30 11:57:18","1",218,"0217","Water L",2.5000000000000000e+01,0.0000000000000000e+00,2.5000000000000000e+01,"K",1,2,"ADMINISTRATOR",,,0,0,0,0,,183,78,"79",0,0,,0,0,0,0,1.0000000000000000e+00,0,0,,0,
79,"2023-05-02 00:00:00","1899-12-30 11:57:18","1",218,"0217","Water L",2.5000000000000000e+01,0.0000000000000000e+00,2.5000000000000000e+01,"K",1,2,"ADMINISTRATOR",,,0,0,0,0,,184,78,"79",0,0,,0,0,0,0,1.0000000000000000e+00,0,0,,0,
80,"2023-05-02 00:00:00","1899-12-30 13:05:06","1",142,"0141","Cappuccino M",1.3000000000000000e+02,0.0000000000000000e+00,1.3000000000000000e+02,"K",1,2,"ADMINISTRATOR",,,0,1,0,0,,185,79,"80",0,0,,0,0,0,0,1.0000000000000000e+00,0,0,,0,
80,"2023-05-02 00:00:00","1899-12-30 13:05:06","1",212,"0211","Banana Walnut",3.5000000000000000e+01,0.0000000000000000e+00,3.5000000000000000e+01,"K",1,2,"ADMINISTRATOR",,,0,0,0,0,,186,79,"80",0,0,,0,0,0,0,1.0000000000000000e+00,0,0,,0,
81,"2023-05-02 00:00:00","1899-12-30 13:26:33","1",212,"0211","Banana Walnut",3.5000000000000000e+01,0.0000000000000000e+00,3.5000000000000000e+01,"K",1,2,"ADMINISTRATOR",,,0,0,0,0,,187,80,"81",0,0,,0,0,0,0,1.0000000000000000e+00,0,0,,0,
81,"2023-05-02 00:00:00","1899-12-30 13:26:33","1",214,"0213","Marble Cake",2.0000000000000000e+01,0.0000000000000000e+00,2.0000000000000000e+01,"K",1,2,"ADMINISTRATOR",,,0,0,0,0,,188,80,"81",0,0,,0,0,0,0,1.0000000000000000e+00,0,0,,0,
81,"2023-05-02 00:00:00","1899-12-30 13:26:33","1",213,"0212","Choco Chip",2.0000000000000000e+01,0.0000000000000000e+00,2.0000000000000000e+01,"K",1,2,"ADMINISTRATOR",,,0,0,0,0,,189,80,"81",0,0,,0,0,0,0,1.0000000000000000e+00,0,0,,0,
82,"2023-05-02 00:00:00","1899-12-30 13:51:03","1",10,"0010","Fried Rice Vegetarian",2.2000000000000000e+02,0.0000000000000000e+00,4.4000000000000000e+02,"K",1,2,"ADMINISTRATOR",,,0,1,0,0,,190,81,"82",0,0,,0,0,0,0,2.0000000000000000e+00,0,0,,0,
82,"2023-05-02 00:00:00","1899-12-30 13:51:03","1",97,"0096","Mildly Pink ( Veg.)",2.2000000000000000e+02,0.0000000000000000e+00,2.2000000000000000e+02,"K",1,2,"ADMINISTRATOR",,,0,1,0,0,,191,81,"82",0,0,,0,0,0,0,1.0000000000000000e+00,0,0,,0,
82,"2023-05-02 00:00:00","1899-12-30 13:51:03","1",95,"0094","Chessy White ( Veg.)",2.0000000000000000e+02,0.0000000000000000e+00,4.0000000000000000e+02,"K",1,2,"ADMINISTRATOR",,,0,1,0,0,,192,81,"82",0,0,,0,0,0,0,2.0000000000000000e+00,0,0,,0,
82,"2023-05-02 00:00:00","1899-12-30 13:51:03","1",194,"0193","Water",2.5000000000000000e+01,0.0000000000000000e+00,2.5000000000000000e+01,"K",1,2,"ADMINISTRATOR",,,0,0,0,0,,193,81,"82",0,0,,0,0,0,0,1.0000000000000000e+00,0,0,,0,
82,"2023-05-02 00:00:00","1899-12-30 13:51:03","1",214,"0213","Marble Cake",2.0000000000000000e+01,0.0000000000000000e+00,4.0000000000000000e+01,"K",1,2,"ADMINISTRATOR",,,0,0,0,0,,194,81,"82",0,0,,0,0,0,0,2.0000000000000000e+00,0,0,,0,
82,"2023-05-02 00:00:00","1899-12-30 13:51:03","1",213,"0212","Choco Chip",2.0000000000000000e+01,0.0000000000000000e+00,6.0000000000000000e+01,"K",1,2,"ADMINISTRATOR",,,0,0,0,0,,195,81,"82",0,0,,0,0,0,0,3.0000000000000000e+00,0,0,,0,
83,"2023-05-02 00:00:00","1899-12-30 14:21:43","1",71,"0070","Cheesy Mushroom Corn Panini (S)",1.8000000000000000e+02,0.0000000000000000e+00,1.8000000000000000e+02,"K",1,2,"ADMINISTRATOR",,,0,1,0,0,,196,82,"83",0,0,,0,0,0,0,1.0000000000000000e+00,0,0,,0,
83,"2023-05-02 00:00:00","1899-12-30 14:21:43","1",220,"0219","Black Coffee",6.0000000000000000e+01,5.0000000000000000e+00,6.0000000000000000e+01,"K",1,2,"ADMINISTRATOR",,,0,0,0,0,,197,82,"83",0,0,,0,0,0,0,1.0000000000000000e+00,0,0,,0,
84,"2023-05-02 00:00:00","1899-12-30 14:36:44","1",152,"0151","Assam Tea M",7.0000000000000000e+01,0.0000000000000000e+00,7.0000000000000000e+01,"K",1,2,"ADMINISTRATOR",,,0,1,0,0,,198,83,"84",0,0,,0,0,0,0,1.0000000000000000e+00,0,0,,0,
85,"2023-05-02 00:00:00","1899-12-30 15:56:06","1",177,"0176","Minral Water",1.0000000000000000e+01,0.0000000000000000e+00,2.0000000000000000e+01,"K",1,2,"ADMINISTRATOR",,,0,0,1,0,,199,84,"85",0,0,,0,0,0,0,2.0000000000000000e+00,0,0,,0,
85,"2023-05-02 00:00:00","1899-12-30 15:56:06","1",139,"0138","Espresso L",1.2500000000000000e+02,0.0000000000000000e+00,2.5000000000000000e+02,"K",1,2,"ADMINISTRATOR",,,0,1,0,0,,200,84,"85",0,0,,0,0,0,0,2.0000000000000000e+00,0,0,,0,
86,"2023-05-02 00:00:00","1899-12-30 15:58:08","1",219,"0218","Muffins",2.5000000000000000e+01,0.0000000000000000e+00,2.5000000000000000e+01,"K",1,2,"ADMINISTRATOR",,,0,0,0,0,,201,85,"86",0,0,,0,0,0,0,1.0000000000000000e+00,0,0,,0,
87,"2023-05-02 00:00:00","1899-12-30 16:06:19","1",214,"0213","Marble Cake",2.0000000000000000e+01,0.0000000000000000e+00,2.0000000000000000e+01,"K",1,2,"ADMINISTRATOR",,,0,0,0,0,,202,86,"87",0,0,,0,0,0,0,1.0000000000000000e+00,0,0,,0,
87,"2023-05-02 00:00:00","1899-12-30 16:06:19","1",212,"0211","Banana Walnut",3.5000000000000000e+01,0.0000000000000000e+00,3.5000000000000000e+01,"K",1,2,"ADMINISTRATOR",,,0,0,0,0,,203,86,"87",0,0,,0,0,0,0,1.0000000000000000e+00,0,0,,0,
87,"2023-05-02 00:00:00","1899-12-30 16:06:19","1",142,"0141","Cappuccino M",1.3000000000000000e+02,0.0000000000000000e+00,2.6000000000000000e+02,"K",1,2,"ADMINISTRATOR",,,0,1,0,0,,204,86,"87",0,0,,0,0,0,0,2.0000000000000000e+00,0,0,,0,
88,"2023-05-02 00:00:00","1899-12-30 16:51:21","1",150,"0149","Green Tea M",7.0000000000000000e+01,0.0000000000000000e+00,7.0000000000000000e+01,"K",1,2,"ADMINISTRATOR",,,0,1,0,0,,205,87,"88",0,0,,0,0,0,0,1.0000000000000000e+00,0,0,,0,
89,"2023-05-02 00:00:00","1899-12-30 16:55:55","1",139,"0138","Espresso L",1.2500000000000000e+02,0.0000000000000000e+00,2.5000000000000000e+02,"K",1,2,"ADMINISTRATOR",,,0,1,0,0,,206,88,"89",0,0,,0,0,0,0,2.0000000000000000e+00,0,0,,0,
89,"2023-05-02 00:00:00","1899-12-30 16:55:55","1",140,"0139","Cafe Latte M",1.2000000000000000e+02,0.0000000000000000e+00,1.2000000000000000e+02,"K",1,2,"ADMINISTRATOR",,,0,1,0,0,,207,88,"89",0,0,,0,0,0,0,1.0000000000000000e+00,0,0,,0,
89,"2023-05-02 00:00:00","1899-12-30 16:55:55","1",157,"0156","Mud Cake",1.3000000000000000e+02,0.0000000000000000e+00,1.3000000000000000e+02,"K",1,2,"ADMINISTRATOR",,,0,1,0,0,,208,88,"89",0,0,,0,0,0,0,1.0000000000000000e+00,0,0,,0,
90,"2023-05-02 00:00:00","1899-12-30 18:11:28","1",195,"0194","Kadak Chai M",7.0000000000000000e+01,0.0000000000000000e+00,2.8000000000000000e+02,"K",1,2,"ADMINISTRATOR",,,0,0,0,0,,209,89,"90",0,0,,0,0,0,0,4.0000000000000000e+00,0,0,,0,
90,"2023-05-02 00:00:00","1899-12-30 18:11:28","1",142,"0141","Cappuccino M",1.3000000000000000e+02,0.0000000000000000e+00,2.6000000000000000e+02,"K",1,2,"ADMINISTRATOR",,,0,1,0,0,,210,89,"90",0,0,,0,0,0,0,2.0000000000000000e+00,0,0,,0,
91,"2023-05-02 00:00:00","1899-12-30 18:14:14","1",212,"0211","Banana Walnut",3.5000000000000000e+01,0.0000000000000000e+00,1.0500000000000000e+02,"K",1,2,"ADMINISTRATOR",,,0,0,0,0,,211,90,"91",0,0,,0,0,0,0,3.0000000000000000e+00,0,0,,0,
92,"2023-05-02 00:00:00","1899-12-30 18:35:02","1",177,"0176","Minral Water",1.0000000000000000e+01,0.0000000000000000e+00,4.0000000000000000e+01,"K",1,2,"ADMINISTRATOR",,,0,0,1,0,,212,91,"92",0,0,,0,0,0,0,4.0000000000000000e+00,0,0,,0,
93,"2023-05-02 00:00:00","1899-12-30 18:49:51","1",44,"0044","Farm House Pizza (Large)",3.6000000000000000e+02,0.0000000000000000e+00,3.6000000000000000e+02,"K",1,2,"ADMINISTRATOR",,,0,1,0,0,,213,92,"93",0,0,,0,0,0,0,1.0000000000000000e+00,0,0,,0,
93,"2023-05-02 00:00:00","1899-12-30 18:49:51","1",142,"0141","Cappuccino M",1.3000000000000000e+02,0.0000000000000000e+00,1.3000000000000000e+02,"K",1,2,"ADMINISTRATOR",,,0,1,0,0,,214,92,"93",0,0,,0,0,0,0,1.0000000000000000e+00,0,0,,0,
93,"2023-05-02 00:00:00","1899-12-30 18:49:51","1",140,"0139","Cafe Latte M",1.2000000000000000e+02,0.0000000000000000e+00,1.2000000000000000e+02,"K",1,2,"ADMINISTRATOR",,,0,1,0,0,,215,92,"93",0,0,,0,0,0,0,1.0000000000000000e+00,0,0,,0,
93,"2023-05-02 00:00:00","1899-12-30 18:49:51","1",190,"0189","Soda Cans",6.0000000000000000e+01,0.0000000000000000e+00,6.0000000000000000e+01,"K",1,2,"ADMINISTRATOR",,,0,0,0,0,,216,92,"93",0,0,,0,0,0,0,1.0000000000000000e+00,0,0,,0,
94,"2023-05-03 00:00:00","1899-12-30 11:03:56","1",134,"0133","Ice Tea Lemon M",1.2000000000000000e+02,0.0000000000000000e+00,1.2000000000000000e+02,"K",1,2,"ADMINISTRATOR",,,0,1,0,0,,217,93,"94",0,0,,0,0,0,0,1.0000000000000000e+00,0,0,,0,
94,"2023-05-03 00:00:00","1899-12-30 11:03:56","1",141,"0140","Cafe Latte L",1.5000000000000000e+02,0.0000000000000000e+00,1.5000000000000000e+02,"K",1,2,"ADMINISTRATOR",,,0,1,0,0,,218,93,"94",0,0,,0,0,0,0,1.0000000000000000e+00,0,0,,0,
94,"2023-05-03 00:00:00","1899-12-30 11:03:56","1",162,"0161","Chocolate Vanilla Waffle",1.2000000000000000e+02,0.0000000000000000e+00,1.2000000000000000e+02,"K",1,2,"ADMINISTRATOR",,,0,1,1,0,,219,93,"94",0,0,,0,0,0,0,1.0000000000000000e+00,0,0,,0,
95,"2023-05-03 00:00:00","1899-12-30 12:07:46","1",160,"0159","Rich Chocolate Truffle",1.2000000000000000e+02,0.0000000000000000e+00,1.2000000000000000e+02,"K",1,2,"ADMINISTRATOR",,,0,1,0,0,,220,94,"95",0,0,,0,0,0,0,1.0000000000000000e+00,0,0,,0,
95,"2023-05-03 00:00:00","1899-12-30 12:07:50","1",141,"0140","Cafe Latte L",1.5000000000000000e+02,0.0000000000000000e+00,1.5000000000000000e+02,"K",1,2,"ADMINISTRATOR",,,0,1,0,0,,221,94,"95",0,0,,0,0,0,0,1.0000000000000000e+00,0,0,,0,
95,"2023-05-03 00:00:00","1899-12-30 12:07:50","1",139,"0138","Espresso L",1.2500000000000000e+02,0.0000000000000000e+00,1.2500000000000000e+02,"K",1,2,"ADMINISTRATOR",,,0,1,0,0,,222,94,"95",0,0,,0,0,0,0,1.0000000000000000e+00,0,0,,0,
96,"2023-05-03 00:00:00","1899-12-30 17:56:44","1",196,"0195","Kadak Chai L",1.1000000000000000e+02,0.0000000000000000e+00,1.1000000000000000e+02,"K",1,2,"ADMINISTRATOR",,,0,0,0,0,,223,95,"96",0,0,,0,0,0,0,1.0000000000000000e+00,0,0,,0,
96,"2023-05-03 00:00:00","1899-12-30 17:56:44","1",195,"0194","Kadak Chai M",7.0000000000000000e+01,0.0000000000000000e+00,1.4000000000000000e+02,"K",1,2,"ADMINISTRATOR",,,0,0,0,0,,224,95,"96",0,0,,0,0,0,0,2.0000000000000000e+00,0,0,,0,
96,"2023-05-03 00:00:00","1899-12-30 17:56:44","1",15,"0015","Herb Chilly Potato Burger",9.0000000000000000e+01,0.0000000000000000e+00,9.0000000000000000e+01,"K",1,2,"ADMINISTRATOR",,,0,1,0,0,,225,95,"96",0,0,,0,0,0,0,1.0000000000000000e+00,0,0,,0,
96,"2023-05-03 00:00:00","1899-12-30 17:56:44","1",10,"0010","Fried Rice Vegetarian",2.2000000000000000e+02,0.0000000000000000e+00,2.2000000000000000e+02,"K",1,2,"ADMINISTRATOR",,,0,1,0,0,,226,95,"96",0,0,,0,0,0,0,1.0000000000000000e+00,0,0,,0,
96,"2023-05-03 00:00:00","1899-12-30 17:56:44","1",136,"0135","Ice Tea Peach M",1.4000000000000000e+02,0.0000000000000000e+00,1.4000000000000000e+02,"K",1,2,"ADMINISTRATOR",,,0,1,0,0,,227,95,"96",0,0,,0,0,0,0,1.0000000000000000e+00,0,0,,0,
96,"2023-05-03 00:00:00","1899-12-30 17:56:44","1",87,"0086","Vegetable Wrap",1.2000000000000000e+02,0.0000000000000000e+00,1.2000000000000000e+02,"K",1,2,"ADMINISTRATOR",,,0,1,0,0,,228,95,"96",0,0,,0,0,0,0,1.0000000000000000e+00,0,0,,0,
96,"2023-05-03 00:00:00","1899-12-30 17:56:44","1",213,"0212","Choco Chip",2.0000000000000000e+01,0.0000000000000000e+00,2.0000000000000000e+01,"K",1,2,"ADMINISTRATOR",,,0,0,0,0,,229,95,"96",0,0,,0,0,0,0,1.0000000000000000e+00,0,0,,0,
97,"2023-05-03 00:00:00","1899-12-30 18:44:33","1",80,"0079","Barbeque Chicken And Jalapeno (C)",2.8000000000000000e+02,0.0000000000000000e+00,5.6000000000000000e+02,"K",1,2,"ADMINISTRATOR",,,0,1,0,0,,230,96,"97",0,0,,0,0,0,0,2.0000000000000000e+00,0,0,,0,
97,"2023-05-03 00:00:00","1899-12-30 18:44:33","1",223,"0222","Iced Americano Coffee L",2.2000000000000000e+02,0.0000000000000000e+00,2.2000000000000000e+02,"K",1,2,"ADMINISTRATOR",,,0,0,0,0,,231,96,"97",0,0,,0,0,0,0,1.0000000000000000e+00,0,0,,0,
97,"2023-05-03 00:00:00","1899-12-30 18:44:33","1",143,"0142","Cappuccino L",1.6000000000000000e+02,0.0000000000000000e+00,1.6000000000000000e+02,"K",1,2,"ADMINISTRATOR",,,0,1,0,0,,232,96,"97",0,0,,0,0,0,0,1.0000000000000000e+00,0,0,,0,
98,"2023-05-04 00:00:00","1899-12-30 11:05:09","1",142,"0141","Cappuccino M",1.3000000000000000e+02,0.0000000000000000e+00,2.6000000000000000e+02,"K",1,2,"ADMINISTRATOR",,,0,1,0,0,,233,97,"98",0,0,,0,0,0,0,2.0000000000000000e+00,0,0,,0,
99,"2023-05-04 00:00:00","1899-12-30 11:10:09","1",17,"0017","Chicken Burger",1.3000000000000000e+02,0.0000000000000000e+00,2.6000000000000000e+02,"K",1,2,"ADMINISTRATOR",,,0,1,0,0,,234,98,"99",0,0,,0,0,0,0,2.0000000000000000e+00,0,0,,0,
99,"2023-05-04 00:00:00","1899-12-30 11:10:09","1",213,"0212","Choco Chip",2.0000000000000000e+01,0.0000000000000000e+00,4.0000000000000000e+01,"K",1,2,"ADMINISTRATOR",,,0,0,0,0,,235,98,"99",0,0,,0,0,0,0,2.0000000000000000e+00,0,0,,0,
100,"2023-05-04 00:00:00","1899-12-30 11:21:33","1",212,"0211","Banana Walnut",3.5000000000000000e+01,0.0000000000000000e+00,3.5000000000000000e+01,"K",1,2,"ADMINISTRATOR",,,0,0,0,0,,236,99,"100",0,0,,0,0,0,0,1.0000000000000000e+00,0,0,,0,
100,"2023-05-04 00:00:00","1899-12-30 11:21:33","1",142,"0141","Cappuccino M",1.3000000000000000e+02,0.0000000000000000e+00,1.3000000000000000e+02,"K",1,2,"ADMINISTRATOR",,,0,1,0,0,,237,99,"100",0,0,,0,0,0,0,1.0000000000000000e+00,0,0,,0,
101,"2023-05-04 00:00:00","1899-12-30 12:30:04","1",24,"25","Classic Margrita (Small)",1.8000000000000000e+02,0.0000000000000000e+00,1.8000000000000000e+02,"K",1,2,"ADMINISTRATOR",,,0,1,0,0,,238,100,"101",0,0,,0,0,0,0,1.0000000000000000e+00,0,0,,0,