Autocode,BillNo,RoomACD,Date,Time,Table,Pax,StewardCode,Disc_Taxable,Disc_NTaxable,Cash,CreditCard,CCNo,CC Company,BillAmount,Discount,DiscAmt,Total,Collected,User,IsCompl,BillCleared,Room_BillACD,GRCode,PartyCode,Credit,cancelled,cancel user,Cancel Date,REPRINTS,Rm_Coll_Date,ISMEM,TAB_ORD,PKGOrd,SPLIT,RCPT_NO,ALLOWANCE,RETAIL,CHALLAN,CC_SURC_PERC,CC_SURC_AMT,WASTAGE,VAT_A_DISC,TOT_VAT,SERV_TAX_PERC,SERV_TAX_AMOUNT,DEPT_WDisc,RO_AMT,IS_PLANFood,GRP_TBL_ORDERNO,REMARKS,RESETTLED,DLV_ADVANCE,DLV_ORDER,DLV_TIME,DELIVERED,ORD_ACODE,ORD_NO,DINE_IN_RATE,STAX_ADISC,SRV_CHG_Perc,SRV_CHG_Amt,COMPL_NO_VAT,MOBILE_NO,CESS_AMT,SHIFT_ID,PMT_MODE,IS_PMT_XMODE,GST_NO,GUEST
1,2,0,"2023-04-24 00:00:00","1899-12-30 14:42:23","1",1,2,0,0,0,0,,,8.2000000000000000e+02,0,0.0000000000000000e+00,8.2000000000000000e+02,8.2000000000000000e+02,"ADMINISTRATOR",0,0,0,0,0,0,0,,,4,,0,0,0,0,,,0,0,,,0,-1.0000000000000000e+00,0.0000000000000000e+00,0.0000000000000000e+00,0.0000000000000000e+00,0,0.0000000000000000e+00,0,,,0,,0,,0,,,0,0,,,0,,0.0000000000000000e+00,"04-24-2023 2:38:09 PM/1",,0,,"CASH"
2,3,0,"2023-04-24 00:00:00","1899-12-30 16:12:37","1",1,2,0,0,0,0,,,2.8000000000000000e+02,0,0.0000000000000000e+00,2.8000000000000000e+02,2.8000000000000000e+02,"ADMINISTRATOR",0,0,0,0,0,0,0,,,,,0,0,0,0,,,0,0,,,0,-1.0000000000000000e+00,0.0000000000000000e+00,0.0000000000000000e+00,0.0000000000000000e+00,0,0.0000000000000000e+00,0,,,0,,0,,0,,,0,0,,,0,,0.0000000000000000e+00,"04-24-2023 2:38:09 PM/1",,0,,"CASH"
3,4,0,"2023-04-24 00:00:00","1899-12-30 17:21:17","1",1,2,0,0,0,0,,,1.4000000000000000e+02,0,0.0000000000000000e+00,1.4000000000000000e+02,1.4000000000000000e+02,"ADMINISTRATOR",0,0,0,0,0,0,0,,,,,0,0,0,0,,,0,0,,,0,-1.0000000000000000e+00,0.0000000000000000e+00,0.0000000000000000e+00,0.0000000000000000e+00,0,0.0000000000000000e+00,0,,,0,,0,,0,,,0,0,,,0,,0.0000000000000000e+00,"04-24-2023 2:38:09 PM/1",,0,,"CASH"
4,5,0,"2023-04-24 00:00:00","1899-12-30 20:15:54","1",1,2,0,0,0,0,,,1.8000000000000000e+02,0,0.0000000000000000e+00,1.8000000000000000e+02,1.8000000000000000e+02,"ADMINISTRATOR",0,0,0,0,0,0,0,,,,,0,0,0,0,,,0,0,,,0,-1.0000000000000000e+00,0.0000000000000000e+00,0.0000000000000000e+00,0.0000000000000000e+00,0,0.0000000000000000e+00,0,,,0,,0,,0,,,0,0,,,0,,0.0000000000000000e+00,"04-24-2023 2:38:09 PM/1",,0,,"CASH"
5,6,0,"2023-04-24 00:00:00","1899-12-30 20:37:06","1",1,2,0,0,0,0,,,2.4000000000000000e+02,0,0.0000000000000000e+00,2.4000000000000000e+02,2.4000000000000000e+02,"ADMINISTRATOR",0,0,0,0,0,0,0,,,,,0,0,0,0,,,0,0,,,0,-1.0000000000000000e+00,0.0000000000000000e+00,0.0000000000000000e+00,0.0000000000000000e+00,0,0.0000000000000000e+00,0,,,0,,0,,0,,,0,0,,,0,,0.0000000000000000e+00,"04-24-2023 2:38:09 PM/1",,0,,"CASH"
6,7,0,"2023-04-24 00:00:00","1899-12-30 22:00:27","2",1,2,0,0,0,0,,,2.4000000000000000e+02,0,0.0000000000000000e+00,2.4000000000000000e+02,2.4000000000000000e+02,"ADMINISTRATOR",0,0,0,0,0,0,0,,,,,0,0,0,0,,,0,0,,,0,-1.0000000000000000e+00,0.0000000000000000e+00,0.0000000000000000e+00,0.0000000000000000e+00,0,0.0000000000000000e+00,0,,,0,,0,,0,,,0,0,,,0,,0.0000000000000000e+00,"04-24-2023 2:38:09 PM/1",,0,,"CASH"
7,8,0,"2023-04-25 00:00:00","1899-12-30 11:35:56","1",1,2,0,0,0,0,,,5.0000000000000000e+01,0,0.0000000000000000e+00,5.0000000000000000e+01,5.0000000000000000e+01,"ADMINISTRATOR",0,0,0,0,0,0,0,,,1,,0,0,0,0,,,0,0,,,0,-1.0000000000000000e+00,0.0000000000000000e+00,0.0000000000000000e+00,0.0000000000000000e+00,0,0.0000000000000000e+00,0,,,0,,0,,0,,,0,0,,,0,,0.0000000000000000e+00,"04-24-2023 2:38:09 PM/1",,0,,"CASH"
8,9,0,"2023-04-25 00:00:00","1899-12-30 13:33:04","1",1,2,0,0,0,0,,,7.6500000000000000e+02,0,0.0000000000000000e+00,7.6500000000000000e+02,7.6500000000000000e+02,"ADMINISTRATOR",0,0,0,0,0,0,0,,,,,0,0,0,0,,,0,0,,,0,-1.0000000000000000e+00,0.0000000000000000e+00,0.0000000000000000e+00,0.0000000000000000e+00,0,0.0000000000000000e+00,0,,,0,,0,,0,,,0,0,,,0,,0.0000000000000000e+00,"04-24-2023 2:38:09 PM/1",,0,,"CASH"
9,10,0,"2023-04-25 00:00:00","1899-12-30 17:09:11","2",1,2,0,0,0,0,,,5.1000000000000000e+02,0,0.0000000000000000e+00,5.1000000000000000e+02,5.1000000000000000e+02,"ADMINISTRATOR",0,0,0,0,0,0,0,,,,,0,0,0,0,,,0,0,,,0,-1.0000000000000000e+00,0.0000000000000000e+00,0.0000000000000000e+00,0.0000000000000000e+00,0,0.0000000000000000e+00,0,,,0,,0,,0,,,0,0,,,0,,0.0000000000000000e+00,"04-24-2023 2:38:09 PM/1",,0,,"CASH"
10,11,0,"2023-04-25 00:00:00","1899-12-30 18:16:29","1",1,2,0,0,0,0,,,1.8500000000000000e+02,0,0.0000000000000000e+00,1.8500000000000000e+02,1.8500000000000000e+02,"ADMINISTRATOR",0,0,0,0,0,0,0,,,2,,0,0,0,0,,,0,0,,,0,-1.0000000000000000e+00,0.0000000000000000e+00,0.0000000000000000e+00,0.0000000000000000e+00,0,0.0000000000000000e+00,0,,,0,,0,,0,,,0,0,,,0,,0.0000000000000000e+00,"04-24-2023 2:38:09 PM/1",,0,,"CASH"
11,12,0,"2023-04-25 00:00:00","1899-12-30 19:02:46","1",1,2,0,0,0,0,,,1.0000000000000000e+02,0,0.0000000000000000e+00,1.0000000000000000e+02,1.0000000000000000e+02,"ADMINISTRATOR",0,0,0,0,0,0,0,,,1,,0,0,0,0,,,0,0,,,0,-1.0000000000000000e+00,0.0000000000000000e+00,0.0000000000000000e+00,0.0000000000000000e+00,0,0.0000000000000000e+00,0,,,0,,0,,0,,,0,0,,,0,,0.0000000000000000e+00,"04-24-2023 2:38:09 PM/1",,0,,"CASH"
12,13,0,"2023-04-26 00:00:00","1899-12-30 17:19:23","1",1,2,0,0,0,0,,,3.7500000000000000e+02,0,0.0000000000000000e+00,3.7500000000000000e+02,3.7500000000000000e+02,"ADMINISTRATOR",0,0,0,0,0,0,0,,,,,0,0,0,0,,,0,0,,,0,-1.0000000000000000e+00,0.0000000000000000e+00,0.0000000000000000e+00,0.0000000000000000e+00,0,0.0000000000000000e+00,0,,,0,,0,,0,,,0,0,,,0,,0.0000000000000000e+00,"04-24-2023 2:38:09 PM/1",,0,,"CASH"
13,14,0,"2023-04-26 00:00:00","1899-12-30 21:41:13","1",1,2,0,0,0,0,,,7.7500000000000000e+02,0,0.0000000000000000e+00,7.7500000000000000e+02,7.7500000000000000e+02,"ADMINISTRATOR",0,0,0,0,0,0,0,,,,,0,0,0,0,,,0,0,,,0,-1.0000000000000000e+00,0.0000000000000000e+00,0.0000000000000000e+00,0.0000000000000000e+00,0,0.0000000000000000e+00,0,,,0,,0,,0,,,0,0,,,0,,0.0000000000000000e+00,"04-24-2023 2:38:09 PM/1",,0,,"CASH"
27,28,0,"2023-04-29 00:00:00","1899-12-30 14:43:25","1",1,2,0,0,0,0,,,1.5000000000000000e+02,0,0.0000000000000000e+00,1.5000000000000000e+02,1.5000000000000000e+02,"ADMINISTRATOR",0,0,0,0,0,0,0,,,,,0,0,0,0,,,0,0,,,0,-1.0000000000000000e+00,0.0000000000000000e+00,0.0000000000000000e+00,0.0000000000000000e+00,0,0.0000000000000000e+00,0,,,0,,0,,0,,,0,0,,,0,,0.0000000000000000e+00,"04-24-2023 2:38:09 PM/1",,0,,"CASH"
28,29,0,"2023-04-29 00:00:00","1899-12-30 15:33:01","1",1,2,0,0,0,0,,,2.2000000000000000e+02,0,0.0000000000000000e+00,2.2000000000000000e+02,2.2000000000000000e+02,"ADMINISTRATOR",0,0,0,0,0,0,0,,,,,0,0,0,0,,,0,0,,,0,-1.0000000000000000e+00,0.0000000000000000e+00,0.0000000000000000e+00,0.0000000000000000e+00,0,0.0000000000000000e+00,0,,,0,,0,,0,,,0,0,,,0,,0.0000000000000000e+00,"04-24-2023 2:38:09 PM/1",,0,,"CASH"
29,30,0,"2023-04-29 00:00:00","1899-12-30 15:37:28","1",1,2,0,1,0,0,,,9.0000000000000000e+01,10,9.0000000000000000e+00,8.1000000000000000e+01,8.1000000000000000e+01,"ADMINISTRATOR",0,0,0,0,0,0,0,,,,,0,0,0,0,,,0,0,,,0,-1.0000000000000000e+00,0.0000000000000000e+00,0.0000000000000000e+00,0.0000000000000000e+00,0,0.0000000000000000e+00,0,,,0,,0,,0,,,0,0,,,0,,0.0000000000000000e+00,"04-24-2023 2:38:09 PM/1",,0,,"CASH"
30,31,0,"2023-04-29 00:00:00","1899-12-30 16:35:31","1",1,2,0,0,0,0,,,7.0000000000000000e+01,0,0.0000000000000000e+00,7.0000000000000000e+01,7.0000000000000000e+01,"ADMINISTRATOR",0,0,0,0,0,0,0,,,,,0,0,0,0,,,0,0,,,0,-1.0000000000000000e+00,0.0000000000000000e+00,0.0000000000000000e+00,0.0000000000000000e+00,0,0.0000000000000000e+00,0,,,0,,0,,0,,,0,0,,,0,,0.0000000000000000e+00,"04-24-2023 2:38:09 PM/1",,0,,"CASH"
31,32,0,"2023-04-29 00:00:00","1899-12-30 16:54:40","1",1,2,0,0,0,0,,,2.9500000000000000e+02,0,0.0000000000000000e+00,2.9500000000000000e+02,2.9500000000000000e+02,"ADMINISTRATOR",0,0,0,0,0,0,0,,,1,,0,0,0,0,,,0,0,,,0,-1.0000000000000000e+00,0.0000000000000000e+00,0.0000000000000000e+00,0.0000000000000000e+00,0,0.0000000000000000e+00,0,,,0,,0,,0,,,0,0,,,0,,0.0000000000000000e+00,"04-24-2023 2:38:09 PM/1",,0,,"CASH"
32,33,0,"2023-04-29 00:00:00","1899-12-30 18:20:14","1",1,2,0,0,0,0,,,1.8000000000000000e+02,0,0.0000000000000000e+00,1.8000000000000000e+02,1.8000000000000000e+02,"ADMINISTRATOR",0,0,0,0,0,0,0,,,1,,0,0,0,0,,,0,0,,,0,-1.0000000000000000e+00,0.0000000000000000e+00,0.0000000000000000e+00,0.0000000000000000e+00,0,0.0000000000000000e+00,0,,,0,,0,,0,,,0,0,,,0,,0.0000000000000000e+00,"04-24-2023 2:38:09 PM/1",,0,,"CASH"
33,34,0,"2023-04-29 00:00:00","1899-12-30 18:27:27","1",1,2,0,0,0,0,,,2.1000000000000000e+02,0,0.0000000000000000e+00,2.1000000000000000e+02,2.1000000000000000e+02,"ADMINISTRATOR",0,0,0,0,0,0,0,,,,,0,0,0,0,,,0,0,,,0,-1.0000000000000000e+00,0.0000000000000000e+00,0.0000000000000000e+00,0.0000000000000000e+00,0,0.0000000000000000e+00,0,,,0,,0,,0,,,0,0,,,0,,0.0000000000000000e+00,"04-24-2023 2:38:09 PM/1",,0,,"CASH"
34,35,0,"2023-04-29 00:00:00","1899-12-30 18:30:58","1",1,2,0,0,0,0,,,4.9000000000000000e+02,0,0.0000000000000000e+00,4.9000000000000000e+02,4.9000000000000000e+02,"ADMINISTRATOR",0,0,0,0,0,0,0,,,1,,0,0,0,0,,,0,0,,,0,-1.0000000000000000e+00,0.0000000000000000e+00,0.0000000000000000e+00,0.0000000000000000e+00,0,0.0000000000000000e+00,0,,,0,,0,,0,,,0,0,,,0,,0.0000000000000000e+00,"04-24-2023 2:38:09 PM/1",,0,,"CASH"
35,36,0,"2023-04-29 00:00:00","1899-12-30 19:11:34","1",1,2,0,0,0,0,,,2.2000000000000000e+02,0,0.0000000000000000e+00,2.2000000000000000e+02,2.2000000000000000e+02,"ADMINISTRATOR",0,0,0,0,0,0,0,,,2,,0,0,0,0,,,0,0,,,0,-1.0000000000000000e+00,0.0000000000000000e+00,0.0000000000000000e+00,0.0000000000000000e+00,0,0.0000000000000000e+00,0,,,0,,0,,0,,,0,0,,,0,,0.0000000000000000e+00,"04-24-2023 2:38:09 PM/1",,0,,"CASH"
36,37,0,"2023-04-30 00:00:00","1899-12-30 09:55:26","1",1,2,0,0,0,0,,,4.7000000000000000e+02,0,0.0000000000000000e+00,4.7000000000000000e+02,4.7000000000000000e+02,"ADMINISTRATOR",0,0,0,0,0,0,0,,,,,0,0,0,0,,,0,0,,,0,-1.0000000000000000e+00,0.0000000000000000e+00,0.0000000000000000e+00,0.0000000000000000e+00,0,0.0000000000000000e+00,0,,,0,,0,,0,,,0,0,,,0,,0.0000000000000000e+00,"04-24-2023 2:38:09 PM/1",,0,,"CASH"
37,38,0,"2023-04-30 00:00:00","1899-12-30 10:07:13","1",1,2,0,0,0,0,,,3.2000000000000000e+02,0,0.0000000000000000e+00,3.2000000000000000e+02,3.2000000000000000e+02,"ADMINISTRATOR",0,0,0,0,0,0,0,,,,,0,0,0,0,,,0,0,,,0,-1.0000000000000000e+00,0.0000000000000000e+00,0.0000000000000000e+00,0.0000000000000000e+00,0,0.0000000000000000e+00,0,,,0,,0,,0,,,0,0,,,0,,0.0000000000000000e+00,"04-24-2023 2:38:09 PM/1",,0,,"CASH"
38,39,0,"2023-04-30 00:00:00","1899-12-30 10:11:14","1",1,2,0,0,0,0,,,1.9500000000000000e+02,0,0.0000000000000000e+00,1.9500000000000000e+02,1.9500000000000000e+02,"ADMINISTRATOR",0,0,0,0,0,0,0,,,,,0,0,0,0,,,0,0,,,0,-1.0000000000000000e+00,0.0000000000000000e+00,0.0000000000000000e+00,0.0000000000000000e+00,0,0.0000000000000000e+00,0,,,0,,0,,0,,,0,0,,,0,,0.0000000000000000e+00,"04-24-2023 2:38:09 PM/1",,0,,"CASH"
39,40,0,"2023-04-30 00:00:00","1899-12-30 10:53:58","2",1,2,0,0,0,0,,,1.3850000000000000e+03,0,0.0000000000000000e+00,1.3850000000000000e+03,1.3850000000000000e+03,"ADMINISTRATOR",0,0,0,0,0,0,0,,,,,0,0,0,0,,,0,0,,,0,-1.0000000000000000e+00,0.0000000000000000e+00,0.0000000000000000e+00,0.0000000000000000e+00,0,0.0000000000000000e+00,0,,,0,,0,,0,,,0,0,,,0,,0.0000000000000000e+00,"04-24-2023 2:38:09 PM/1",,0,,"CASH"
40,41,0,"2023-04-30 00:00:00","1899-12-30 14:04:26","2",1,2,0,0,0,0,,,3.6000000000000000e+02,0,0.0000000000000000e+00,3.6000000000000000e+02,3.6000000000000000e+02,"ADMINISTRATOR",0,0,0,0,0,0,0,,,,,0,0,0,0,,,0,0,,,0,-1.0000000000000000e+00,0.0000000000000000e+00,0.0000000000000000e+00,0.0000000000000000e+00,0,0.0000000000000000e+00,0,,,0,,0,,0,,,0,0,,,0,,0.0000000000000000e+00,"04-24-2023 2:38:09 PM/1",,0,,"CASH"
41,42,0,"2023-04-30 00:00:00","1899-12-30 14:17:41","2",1,2,0,0,0,0,,,2.6000000000000000e+02,0,0.0000000000000000e+00,2.6000000000000000e+02,2.6000000000000000e+02,"ADMINISTRATOR",0,0,0,0,0,0,0,,,,,0,0,0,0,,,0,0,,,0,-1.0000000000000000e+00,0.0000000000000000e+00,0.0000000000000000e+00,0.0000000000000000e+00,0,0.0000000000000000e+00,0,,,0,,0,,0,,,0,0,,,0,,0.0000000000000000e+00,"04-24-2023 2:38:09 PM/1",,0,,"CASH"
42,43,0,"2023-04-30 00:00:00","1899-12-30 14:42:53","1",1,2,0,0,0,0,,,1.5000000000000000e+02,0,0.0000000000000000e+00,1.5000000000000000e+02,1.5000000000000000e+02,"ADMINISTRATOR",0,0,0,0,0,0,0,,,,,0,0,0,0,,,0,0,,,0,-1.0000000000000000e+00,0.0000000000000000e+00,0.0000000000000000e+00,0.0000000000000000e+00,0,0.0000000000000000e+00,0,,,0,,0,,0,,,0,0,,,0,,0.0000000000000000e+00,"04-24-2023 2:38:09 PM/1",,0,,"CASH"
43,44,0,"2023-04-30 00:00:00","1899-12-30 19:11:26","1",1,2,0,0,0,0,,,2.4000000000000000e+02,0,0.0000000000000000e+00,2.4000000000000000e+02,2.4000000000000000e+02,"ADMINISTRATOR",0,0,0,0,0,0,0,,,,,0,0,0,0,,,0,0,,,0,-1.0000000000000000e+00,0.0000000000000000e+00,0.0000000000000000e+00,0.0000000000000000e+00,0,0.0000000000000000e+00,0,,,0,,0,,0,,,0,0,,,0,,0.0000000000000000e+00,"04-24-2023 2:38:09 PM/1",,0,,"CASH"
44,45,0,"2023-04-30 00:00:00","1899-12-30 19:13:28","2",1,2,0,0,0,0,,,1.9000000000000000e+02,0,0.0000000000000000e+00,1.9000000000000000e+02,1.9000000000000000e+02,"ADMINISTRATOR",0,0,0,0,0,0,0,,,,,0,0,0,0,,,0,0,,,0,-1.0000000000000000e+00,0.0000000000000000e+00,0.0000000000000000e+00,0.0000000000000000e+00,0,0.0000000000000000e+00,0,,,0,,0,,0,,,0,0,,,0,,0.0000000000000000e+00,"04-24-2023 2:38:09 PM/1",,0,,"CASH"
45,46,0,"2023-04-30 00:00:00","1899-12-30 19:40:24","2",1,2,0,1,0,0,,,4.6000000000000000e+02,20,8.6000000000000000e+01,3.7400000000000000e+02,3.7400000000000000e+02,"ADMINISTRATOR",0,0,0,0,0,0,0,,,,,0,0,0,0,,,0,0,,,0,-1.0000000000000000e+00,0.0000000000000000e+00,0.0000000000000000e+00,0.0000000000000000e+00,0,0.0000000000000000e+00,0,,,0,,0,,0,,,0,0,,,0,,0.0000000000000000e+00,"04-24-2023 2:38:09 PM/1",,0,,"CASH"
46,47,0,"2023-04-30 00:00:00","1899-12-30 20:19:52","1",1,2,0,1,0,0,,,3.3000000000000000e+02,20,2.6000000000000000e+01,3.0400000000000000e+02,3.0400000000000000e+02,"ADMINISTRATOR",0,0,0,0,0,0,0,,,1,,0,0,0,0,,,0,0,,,0,-1.0000000000000000e+00,0.0000000000000000e+00,0.0000000000000000e+00,0.0000000000000000e+00,0,0.0000000000000000e+00,0,,,0,,0,,0,,,0,0,,,0,,0.0000000000000000e+00,"04-24-2023 2:38:09 PM/1",,0,,"CASH"
47,48,0,"2023-04-30 00:00:00","1899-12-30 20:24:20","1",1,2,0,0,0,0,,,2.6000000000000000e+02,0,0.0000000000000000e+00,2.6000000000000000e+02,2.6000000000000000e+02,"ADMINISTRATOR",0,0,0,0,0,0,0,,,,,0,0,0,0,,,0,0,,,0,-1.0000000000000000e+00,0.0000000000000000e+00,0.0000000000000000e+00,0.0000000000000000e+00,0,0.0000000000000000e+00,0,,,0,,0,,0,,,0,0,,,0,,0.0000000000000000e+00,"04-24-2023 2:38:09 PM/1",,0,,
48,49,0,"2023-04-30 00:00:00","1899-12-30 20:28:55","1",1,2,0,0,0,0,,,4.6000000000000000e+02,0,0.0000000000000000e+00,4.6000000000000000e+02,4.6000000000000000e+02,"ADMINISTRATOR",0,0,0,0,0,0,0,,,,,0,0,0,0,,,0,0,,,0,-1.0000000000000000e+00,0.0000000000000000e+00,0.0000000000000000e+00,0.0000000000000000e+00,0,0.0000000000000000e+00,0,,,0,,0,,0,,,0,0,,,0,,0.0000000000000000e+00,"04-24-2023 2:38:09 PM/1",,0,,"CASH"
49,50,0,"2023-04-30 00:00:00","1899-12-30 21:31:05","1",1,2,0,0,0,0,,,4.5000000000000000e+02,0,0.0000000000000000e+00,4.5000000000000000e+02,4.5000000000000000e+02,"ADMINISTRATOR",0,0,0,0,0,0,0,,,,,0,0,0,0,,,0,0,,,0,-1.0000000000000000e+00,0.0000000000000000e+00,0.0000000000000000e+00,0.0000000000000000e+00,0,0.0000000000000000e+00,0,,,0,,0,,0,,,0,0,,,0,,0.0000000000000000e+00,"04-24-2023 2:38:09 PM/1",,0,,"CASH"
50,51,0,"2023-04-30 00:00:00","1899-12-30 22:03:28","1",1,2,0,0,0,0,,,1.1000000000000000e+02,0,0.0000000000000000e+00,1.1000000000000000e+02,1.1000000000000000e+02,"ADMINISTRATOR",0,0,0,0,0,0,0,,,,,0,0,0,0,,,0,0,,,0,-1.0000000000000000e+00,0.0000000000000000e+00,0.0000000000000000e+00,0.0000000000000000e+00,0,0.0000000000000000e+00,0,,,0,,0,,0,,,0,0,,,0,,0.0000000000000000e+00,"04-24-2023 2:38:09 PM/1",,0,,"CASH"
51,52,0,"2023-05-01 00:00:00","1899-12-30 08:40:35","1",1,2,0,0,0,0,,,5.1000000000000000e+02,0,0.0000000000000000e+00,5.1000000000000000e+02,5.1000000000000000e+02,"ADMINISTRATOR",0,0,0,0,0,0,0,,,,,0,0,0,0,,,0,0,,,0,-1.0000000000000000e+00,0.0000000000000000e+00,0.0000000000000000e+00,0.0000000000000000e+00,0,0.0000000000000000e+00,0,,,0,,0,,0,,,0,0,,,0,,0.0000000000000000e+00,"04-24-2023 2:38:09 PM/1",,0,,"CASH"
52,53,0,"2023-05-01 00:00:00","1899-12-30 10:33:55","1",1,2,0,0,0,0,,,4.3000000000000000e+02,0,0.0000000000000000e+00,4.3000000000000000e+02,4.3000000000000000e+02,"ADMINISTRATOR",0,0,0,0,0,0,0,,,,,0,0,0,0,,,0,0,,,0,-1.0000000000000000e+00,0.0000000000000000e+00,0.0000000000000000e+00,0.0000000000000000e+00,0,0.0000000000000000e+00,0,,,0,,0,,0,,,0,0,,,0,,0.0000000000000000e+00,"04-24-2023 2:38:09 PM/1",,0,,"CASH"
53,54,0,"2023-05-01 00:00:00","1899-12-30 10:44:58","1",1,2,0,0,0,0,,,1.4000000000000000e+02,0,0.0000000000000000e+00,1.4000000000000000e+02,1.4000000000000000e+02,"ADMINISTRATOR",0,0,0,0,0,0,0,,,1,,0,0,0,0,,,0,0,,,0,-1.0000000000000000e+00,0.0000000000000000e+00,0.0000000000000000e+00,0.0000000000000000e+00,0,0.0000000000000000e+00,0,,,0,,0,,0,,,0,0,,,0,,0.0000000000000000e+00,"04-24-2023 2:38:09 PM/1",,0,,"CASH"
54,55,0,"2023-05-01 00:00:00","1899-12-30 10:55:39","2",1,2,0,0,0,0,,,2.5000000000000000e+02,0,0.0000000000000000e+00,2.5000000000000000e+02,2.5000000000000000e+02,"ADMINISTRATOR",0,0,0,0,0,0,0,,,1,,0,0,0,0,,,0,0,,,0,-1.0000000000000000e+00,0.0000000000000000e+00,0.0000000000000000e+00,0.0000000000000000e+00,0,0.0000000000000000e+00,0,,,0,,0,,0,,,0,0,,,0,,0.0000000000000000e+00,"04-24-2023 2:38:09 PM/1",,0,,"CASH"
55,56,0,"2023-05-01 00:00:00","1899-12-30 12:32:50","1",1,2,0,0,0,0,,,1.2000000000000000e+02,0,0.0000000000000000e+00,1.2000000000000000e+02,1.2000000000000000e+02,"ADMINISTRATOR",0,0,0,0,0,0,0,,,1,,0,0,0,0,,,0,0,,,0,-1.0000000000000000e+00,0.0000000000000000e+00,0.0000000000000000e+00,0.0000000000000000e+00,0,0.0000000000000000e+00,0,,,0,,0,,0,,,0,0,,,0,,0.0000000000000000e+00,"04-24-2023 2:38:09 PM/1",,0,,"CASH"
56,57,0,"2023-05-01 00:00:00","1899-12-30 12:56:39","1",1,2,0,0,0,0,,,2.2000000000000000e+02,0,0.0000000000000000e+00,2.2000000000000000e+02,2.2000000000000000e+02,"ADMINISTRATOR",0,0,0,0,0,0,0,,,,,0,0,0,0,,,0,0,,,0,-1.0000000000000000e+00,0.0000000000000000e+00,0.0000000000000000e+00,0.0000000000000000e+00,0,0.0000000000000000e+00,0,,,0,,0,,0,,,0,0,,,0,,0.0000000000000000e+00,"04-24-2023 2:38:09 PM/1",,0,,"CASH"
57,58,0,"2023-05-01 00:00:00","1899-12-30 13:00:36","1",1,2,0,1,0,0,,,1.1000000000000000e+02,10,1.1000000000000000e+01,9.9000000000000000e+01,9.9000000000000000e+01,"ADMINISTRATOR",0,0,0,0,0,0,0,,,,,0,0,0,0,,,0,0,,,0,-1.0000000000000000e+00,0.0000000000000000e+00,0.0000000000000000e+00,0.0000000000000000e+00,0,0.0000000000000000e+00,0,,,0,,0,,0,,,0,0,,,0,,0.0000000000000000e+00,"04-24-2023 2:38:09 PM/1",,0,,"CASH"
58,59,0,"2023-05-01 00:00:00","1899-12-30 13:01:52","1",1,2,0,0,0,0,,,1.7000000000000000e+02,0,0.0000000000000000e+00,1.7000000000000000e+02,1.7000000000000000e+02,"ADMINISTRATOR",0,0,0,0,0,0,0,,,1,,0,0,0,0,,,0,0,,,0,-1.0000000000000000e+00,0.0000000000000000e+00,0.0000000000000000e+00,0.0000000000000000e+00,0,0.0000000000000000e+00,0,,,0,,0,,0,,,0,0,,,0,,0.0000000000000000e+00,"04-24-2023 2:38:09 PM/1",,0,,"CASH"
59,60,0,"2023-05-01 00:00:00","1899-12-30 13:02:36","2",1,2,0,0,0,0,,,3.6000000000000000e+02,0,0.0000000000000000e+00,3.6000000000000000e+02,3.6000000000000000e+02,"ADMINISTRATOR",0,0,0,0,0,0,0,,,,,0,0,0,0,,,0,0,,,0,-1.0000000000000000e+00,0.0000000000000000e+00,0.0000000000000000e+00,0.0000000000000000e+00,0,0.0000000000000000e+00,0,,,0,,0,,0,,,0,0,,,0,,0.0000000000000000e+00,"04-24-2023 2:38:09 PM/1",,0,,"CASH"
60,61,0,"2023-05-01 00:00:00","1899-12-30 13:09:22","1",1,2,0,0,0,0,,,6.0000000000000000e+01,0,0.0000000000000000e+00,6.0000000000000000e+01,6.0000000000000000e+01,"ADMINISTRATOR",0,0,0,0,0,0,0,,,,,0,0,0,0,,,0,0,,,0,-1.0000000000000000e+00,0.0000000000000000e+00,0.0000000000000000e+00,0.0000000000000000e+00,0,0.0000000000000000e+00,0,,,0,,0,,0,,,0,0,,,0,,0.0000000000000000e+00,"04-24-2023 2:38:09 PM/1",,0,,"CASH"
61,62,0,"2023-05-01 00:00:00","1899-12-30 13:36:12","1",1,2,0,0,0,0,,,2.6000000000000000e+02,0,0.0000000000000000e+00,2.6000000000000000e+02,2.6000000000000000e+02,"ADMINISTRATOR",0,0,0,0,0,0,0,,,,,0,0,0,0,,,0,0,,,0,-1.0000000000000000e+00,0.0000000000000000e+00,0.0000000000000000e+00,0.0000000000000000e+00,0,0.0000000000000000e+00,0,,,0,,0,,0,,,0,0,,,0,,0.0000000000000000e+00,"04-24-2023 2:38:09 PM/1",,0,,"CASH"
62,63,0,"2023-05-01 00:00:00","1899-12-30 13:49:51","1",1,2,0,0,0,0,,,3.3000000000000000e+02,0,0.0000000000000000e+00,3.3000000000000000e+02,3.3000000000000000e+02,"ADMINISTRATOR",0,0,0,0,0,0,0,,,,,0,0,0,0,,,0,0,,,0,-1.0000000000000000e+00,0.0000000000000000e+00,0.0000000000000000e+00,0.0000000000000000e+00,0,0.0000000000000000e+00,0,,,0,,0,,0,,,0,0,,,0,,0.0000000000000000e+00,"04-24-2023 2:38:09 PM/1",,0,,"CASH"
63,64,0,"2023-05-01 00:00:00","1899-12-30 14:23:12","1",1,2,0,0,0,0,,,5.6000000000000000e+02,0,0.0000000000000000e+00,5.6000000000000000e+02,5.6000000000000000e+02,"ADMINISTRATOR",0,0,0,0,0,0,0,,,,,0,0,0,0,,,0,0,,,0,-1.0000000000000000e+00,0.0000000000000000e+00,0.0000000000000000e+00,0.0000000000000000e+00,0,0.0000000000000000e+00,0,,,0,,0,,0,,,0,0,,,0,,0.0000000000000000e+00,"04-24-2023 2:38:09 PM/1",,0,,"CASH"
64,65,0,"2023-05-01 00:00:00","1899-12-30 15:11:52","1",1,2,0,0,0,0,,,1.2300000000000000e+03,0,0.0000000000000000e+00,1.2300000000000000e+03,1.2300000000000000e+03,"ADMINISTRATOR",0,0,0,0,0,0,0,,,,,0,0,0,0,,,0,0,,,0,-1.0000000000000000e+00,0.0000000000000000e+00,0.0000000000000000e+00,0.0000000000000000e+00,0,0.0000000000000000e+00,0,,,0,,0,,0,,,0,0,,,0,,0.0000000000000000e+00,"04-24-2023 2:38:09 PM/1",,0,,"CASH"
65,66,0,"2023-05-01 00:00:00","1899-12-30 15:16:53","1",1,2,0,0,0,0,,,1.4000000000000000e+02,0,0.0000000000000000e+00,1.4000000000000000e+02,1.4000000000000000e+02,"ADMINISTRATOR",0,0,0,0,0,0,0,,,,,0,0,0,0,,,0,0,,,0,-1.0000000000000000e+00,0.0000000000000000e+00,0.0000000000000000e+00,0.0000000000000000e+00,0,0.0000000000000000e+00,0,,,0,,0,,0,,,0,0,,,0,,0.0000000000000000e+00,"04-24-2023 2:38:09 PM/1",,0,,"CASH"
14,15,0,"2023-04-27 00:00:00","1899-12-30 12:10:04","1",1,2,0,0,0,0,,,6.3000000000000000e+02,0,0.0000000000000000e+00,6.3000000000000000e+02,6.3000000000000000e+02,"ADMINISTRATOR",0,0,0,0,0,0,0,,,,,0,0,0,0,,,0,0,,,0,-1.0000000000000000e+00,0.0000000000000000e+00,0.0000000000000000e+00,0.0000000000000000e+00,0,0.0000000000000000e+00,0,,,0,,0,,0,,,0,0,,,0,,0.0000000000000000e+00,"04-24-2023 2:38:09 PM/1",,0,,"CASH"
15,16,0,"2023-04-28 00:00:00","1899-12-30 17:47:31","1",1,2,0,0,0,0,,,2.6000000000000000e+02,0,0.0000000000000000e+00,2.6000000000000000e+02,2.6000000000000000e+02,"ADMINISTRATOR",0,0,0,0,0,0,0,,,,,0,0,0,0,,,0,0,,,0,-1.0000000000000000e+00,0.0000000000000000e+00,0.0000000000000000e+00,0.0000000000000000e+00,0,0.0000000000000000e+00,0,,,0,,0,,0,,,0,0,,,0,,0.0000000000000000e+00,"04-24-2023 2:38:09 PM/1",,0,,"CASH"
16,17,0,"2023-04-28 00:00:00","1899-12-30 18:36:51","1",1,2,0,0,0,0,,,3.2000000000000000e+02,0,0.0000000000000000e+00,3.2000000000000000e+02,3.2000000000000000e+02,"ADMINISTRATOR",0,0,0,0,0,0,0,,,,,0,0,0,0,,,0,0,,,0,-1.0000000000000000e+00,0.0000000000000000e+00,0.0000000000000000e+00,0.0000000000000000e+00,0,0.0000000000000000e+00,0,,,0,,0,,0,,,0,0,,,0,,0.0000000000000000e+00,"04-24-2023 2:38:09 PM/1",,0,,"CASH"
17,18,0,"2023-04-28 00:00:00","1899-12-30 18:52:51","1",1,2,0,0,0,0,,,1.2000000000000000e+02,0,0.0000000000000000e+00,1.2000000000000000e+02,1.2000000000000000e+02,"ADMINISTRATOR",0,0,0,0,0,0,0,,,,,0,0,0,0,,,0,0,,,0,-1.0000000000000000e+00,0.0000000000000000e+00,0.0000000000000000e+00,0.0000000000000000e+00,0,0.0000000000000000e+00,0,,,0,,0,,0,,,0,0,,,0,,0.0000000000000000e+00,"04-24-2023 2:38:09 PM/1",,0,,"CASH"
18,19,0,"2023-04-28 00:00:00","1899-12-30 18:55:34","1",1,2,0,0,0,0,,,1.2000000000000000e+02,0,0.0000000000000000e+00,1.2000000000000000e+02,1.2000000000000000e+02,"ADMINISTRATOR",0,0,0,0,0,0,0,,,,,0,0,0,0,,,0,0,,,0,-1.0000000000000000e+00,0.0000000000000000e+00,0.0000000000000000e+00,0.0000000000000000e+00,0,0.0000000000000000e+00,0,,,0,,0,,0,,,0,0,,,0,,0.0000000000000000e+00,"04-24-2023 2:38:09 PM/1",,0,,"CASH"
19,20,0,"2023-04-28 00:00:00","1899-12-30 19:02:35","1",1,2,0,0,0,0,,,3.2000000000000000e+02,0,0.0000000000000000e+00,3.2000000000000000e+02,3.2000000000000000e+02,"ADMINISTRATOR",0,0,0,0,0,0,0,,,1,,0,0,0,0,,,0,0,,,0,-1.0000000000000000e+00,0.0000000000000000e+00,0.0000000000000000e+00,0.0000000000000000e+00,0,0.0000000000000000e+00,0,,,0,,0,,0,,,0,0,,,0,,0.0000000000000000e+00,"04-24-2023 2:38:09 PM/1",,0,,"CASH"
20,21,0,"2023-04-28 00:00:00","1899-12-30 19:25:17","1",1,2,0,0,0,0,,,8.0000000000000000e+01,0,0.0000000000000000e+00,8.0000000000000000e+01,8.0000000000000000e+01,"ADMINISTRATOR",0,0,0,0,0,0,0,,,,,0,0,0,0,,,0,0,,,0,-1.0000000000000000e+00,0.0000000000000000e+00,0.0000000000000000e+00,0.0000000000000000e+00,0,0.0000000000000000e+00,0,,,0,,0,,0,,,0,0,,,0,,0.0000000000000000e+00,"04-24-2023 2:38:09 PM/1",,0,,"CASH"
21,22,0,"2023-04-28 00:00:00","1899-12-30 19:28:32","1",1,2,0,0,0,0,,,2.2000000000000000e+02,0,0.0000000000000000e+00,2.2000000000000000e+02,2.2000000000000000e+02,"ADMINISTRATOR",0,0,0,0,0,0,0,,,,,0,0,0,0,,,0,0,,,0,-1.0000000000000000e+00,0.0000000000000000e+00,0.0000000000000000e+00,0.0000000000000000e+00,0,0.0000000000000000e+00,0,,,0,,0,,0,,,0,0,,,0,,0.0000000000000000e+00,"04-24-2023 2:38:09 PM/1",,0,,"CASH"
22,23,0,"2023-04-28 00:00:00","1899-12-30 19:33:41","1",1,2,0,0,0,0,,,2.5500000000000000e+02,0,0.0000000000000000e+00,2.5500000000000000e+02,2.5500000000000000e+02,"ADMINISTRATOR",0,0,0,0,0,0,0,,,,,0,0,0,0,,,0,0,,,0,-1.0000000000000000e+00,0.0000000000000000e+00,0.0000000000000000e+00,0.0000000000000000e+00,0,0.0000000000000000e+00,0,,,0,,0,,0,,,0,0,,,0,,0.0000000000000000e+00,"04-24-2023 2:38:09 PM/1",,0,,"CASH"
23,24,0,"2023-04-29 00:00:00","1899-12-30 09:00:21","1",1,2,0,0,0,0,,,2.2500000000000000e+02,0,0.0000000000000000e+00,2.2500000000000000e+02,2.2500000000000000e+02,"ADMINISTRATOR",0,0,0,0,0,0,0,,,1,,0,0,0,0,,,0,0,,,0,-1.0000000000000000e+00,0.0000000000000000e+00,0.0000000000000000e+00,0.0000000000000000e+00,0,0.0000000000000000e+00,0,,,0,,0,,0,,,0,0,,,0,,0.0000000000000000e+00,"04-24-2023 2:38:09 PM/1",,0,,"CASH"
24,25,0,"2023-04-29 00:00:00","1899-12-30 09:47:55","1",1,2,0,0,0,0,,,6.0000000000000000e+02,0,0.0000000000000000e+00,6.0000000000000000e+02,6.0000000000000000e+02,"ADMINISTRATOR",0,0,0,0,0,0,0,,,1,,0,0,0,0,,,0,0,,,0,-1.0000000000000000e+00,0.0000000000000000e+00,0.0000000000000000e+00,0.0000000000000000e+00,0,0.0000000000000000e+00,0,,,0,,0,,0,,,0,0,,,0,,0.0000000000000000e+00,"04-24-2023 2:38:09 PM/1",,0,,"CASH"
25,26,0,"2023-04-29 00:00:00","1899-12-30 14:19:24","1",1,2,0,0,0,0,,,7.3000000000000000e+02,0,0.0000000000000000e+00,7.3000000000000000e+02,7.3000000000000000e+02,"ADMINISTRATOR",0,0,0,0,0,0,0,,,,,0,0,0,0,,,0,0,,,0,-1.0000000000000000e+00,0.0000000000000000e+00,0.0000000000000000e+00,0.0000000000000000e+00,0,0.0000000000000000e+00,0,,,0,,0,,0,,,0,0,,,0,,0.0000000000000000e+00,"04-24-2023 2:38:09 PM/1",,0,,"CASH"
26,27,0,"2023-04-29 00:00:00","1899-12-30 14:32:16","1",1,2,0,0,0,0,,,5.8000000000000000e+02,0,0.0000000000000000e+00,5.8000000000000000e+02,5.8000000000000000e+02,"ADMINISTRATOR",0,0,0,0,0,0,0,,,,,0,0,0,0,,,0,0,,,0,-1.0000000000000000e+00,0.0000000000000000e+00,0.0000000000000000e+00,0.0000000000000000e+00,0,0.0000000000000000e+00,0,,,0,,0,,0,,,0,0,,,0,,0.0000000000000000e+00,"04-24-2023 2:38:09 PM/1",,0,,"CASH"
66,67,0,"2023-05-01 00:00:00","1899-12-30 15:35:58","1",1,2,0,0,0,0,,,1.4500000000000000e+02,0,0.0000000000000000e+00,1.4500000000000000e+02,1.4500000000000000e+02,"ADMINISTRATOR",0,0,0,0,0,0,0,,,,,0,0,0,0,,,0,0,,,0,-1.0000000000000000e+00,0.0000000000000000e+00,0.0000000000000000e+00,0.0000000000000000e+00,0,0.0000000000000000e+00,0,,,0,,0,,0,,,0,0,,,0,,0.0000000000000000e+00,"04-24-2023 2:38:09 PM/1",,0,,"CASH"
67,68,0,"2023-05-01 00:00:00","1899-12-30 16:53:48","1",1,2,0,0,0,0,,,1.7600000000000000e+03,0,0.0000000000000000e+00,1.7600000000000000e+03,1.7600000000000000e+03,"ADMINISTRATOR",0,0,0,0,0,0,0,,,,,0,0,0,0,,,0,0,,,0,-1.0000000000000000e+00,0.0000000000000000e+00,0.0000000000000000e+00,0.0000000000000000e+00,0,0.0000000000000000e+00,0,,,0,,0,,0,,,0,0,,,0,,0.0000000000000000e+00,"04-24-2023 2:38:09 PM/1",,0,,"CASH"
68,69,0,"2023-05-01 00:00:00","1899-12-30 17:00:03","1",1,2,0,0,0,0,,,1.3000000000000000e+02,0,0.0000000000000000e+00,1.3000000000000000e+02,1.3000000000000000e+02,"ADMINISTRATOR",0,0,0,0,0,0,0,,,,,0,0,0,0,,,0,0,,,0,-1.0000000000000000e+00,0.0000000000000000e+00,0.0000000000000000e+00,0.0000000000000000e+00,0,0.0000000000000000e+00,0,,,0,,0,,0,,,0,0,,,0,,0.0000000000000000e+00,"04-24-2023 2:38:09 PM/1",,0,,"CASH"
69,70,0,"2023-05-01 00:00:00","1899-12-30 17:39:51","2",1,2,0,0,0,0,,,3.3000000000000000e+02,0,0.0000000000000000e+00,3.3000000000000000e+02,3.3000000000000000e+02,"ADMINISTRATOR",0,0,0,0,0,0,0,,,,,0,0,0,0,,,0,0,,,0,-1.0000000000000000e+00,0.0000000000000000e+00,0.0000000000000000e+00,0.0000000000000000e+00,0,0.0000000000000000e+00,0,,,0,,0,,0,,,0,0,,,0,,0.0000000000000000e+00,"04-24-2023 2:38:09 PM/1",,0,,"CASH"
70,71,0,"2023-05-01 00:00:00","1899-12-30 17:40:54","2",1,2,0,0,0,0,,,3.5286000000000001e+02,0,0.0000000000000000e+00,3.6000000000000000e+02,3.6000000000000000e+02,"ADMINISTRATOR",0,0,0,0,0,0,0,,,1,,0,0,0,0,,,0,0,,,0,-1.0000000000000000e+00,7.1399999999999997e+00,0.0000000000000000e+00,0.0000000000000000e+00,0,0.0000000000000000e+00,0,,,0,,0,,0,,,0,0,,,0,,0.0000000000000000e+00,"04-24-2023 2:38:09 PM/1",,0,,"CASH"
71,72,0,"2023-05-01 00:00:00","1899-12-30 18:10:59","1",1,2,0,0,0,0,,,5.4000000000000000e+02,0,0.0000000000000000e+00,5.4000000000000000e+02,5.4000000000000000e+02,"ADMINISTRATOR",0,0,0,0,0,0,0,,,,,0,0,0,0,,,0,0,,,0,-1.0000000000000000e+00,0.0000000000000000e+00,0.0000000000000000e+00,0.0000000000000000e+00,0,0.0000000000000000e+00,0,,,0,,0,,0,,,0,0,,,0,,0.0000000000000000e+00,"04-24-2023 2:38:09 PM/1",,0,,"CASH"
72,73,0,"2023-05-01 00:00:00","1899-12-30 18:24:17","1",1,2,0,0,0,0,,,2.1000000000000000e+02,0,0.0000000000000000e+00,2.1000000000000000e+02,2.1000000000000000e+02,"ADMINISTRATOR",0,0,0,0,0,0,0,,,,,0,0,0,0,,,0,0,,,0,-1.0000000000000000e+00,0.0000000000000000e+00,0.0000000000000000e+00,0.0000000000000000e+00,0,0.0000000000000000e+00,0,,,0,,0,,0,,,0,0,,,0,,0.0000000000000000e+00,"04-24-2023 2:38:09 PM/1",,0,,"CASH"
73,74,0,"2023-05-01 00:00:00","1899-12-30 18:26:25","1",1,2,0,0,0,0,,,7.0000000000000000e+01,0,0.0000000000000000e+00,7.0000000000000000e+01,7.0000000000000000e+01,"ADMINISTRATOR",0,0,0,0,0,0,0,,,,,0,0,0,0,,,0,0,,,0,-1.0000000000000000e+00,0.0000000000000000e+00,0.0000000000000000e+00,0.0000000000000000e+00,0,0.0000000000000000e+00,0,,,0,,0,,0,,,0,0,,,0,,0.0000000000000000e+00,"04-24-2023 2:38:09 PM/1",,0,,"CASH"
74,75,0,"2023-05-01 00:00:00","1899-12-30 18:35:21","1",1,2,0,0,0,0,,,2.6000000000000000e+02,0,0.0000000000000000e+00,2.6000000000000000e+02,2.6000000000000000e+02,"ADMINISTRATOR",0,0,0,0,0,0,0,,,1,,0,0,0,0,,,0,0,,,0,-1.0000000000000000e+00,0.0000000000000000e+00,0.0000000000000000e+00,0.0000000000000000e+00,0,0.0000000000000000e+00,0,,,0,,0,,0,,,0,0,,,0,,0.0000000000000000e+00,"04-24-2023 2:38:09 PM/1",,0,,"CASH"
75,76,0,"2023-05-01 00:00:00","1899-12-30 20:49:07","1",1,2,0,0,0,0,,,3.4000000000000000e+02,0,0.0000000000000000e+00,3.4000000000000000e+02,3.4000000000000000e+02,"ADMINISTRATOR",0,0,0,0,0,0,0,,,1,,0,0,0,0,,,0,0,,,0,-1.0000000000000000e+00,0.0000000000000000e+00,0.0000000000000000e+00,0.0000000000000000e+00,0,0.0000000000000000e+00,0,,,0,,0,,0,,,0,0,,,0,,0.0000000000000000e+00,"04-24-2023 2:38:09 PM/1",,0,,"CASH"
76,77,0,"2023-05-02 00:00:00","1899-12-30 10:40:12","1",1,2,0,0,0,0,,,1.0650000000000000e+03,0,0.0000000000000000e+00,1.0650000000000000e+03,1.0650000000000000e+03,"ADMINISTRATOR",0,0,0,0,0,0,0,,,3,,0,0,0,0,,,0,0,,,0,-1.0000000000000000e+00,0.0000000000000000e+00,0.0000000000000000e+00,0.0000000000000000e+00,0,0.0000000000000000e+00,0,,,0,,0,,0,,,0,0,,,0,,0.0000000000000000e+00,"04-24-2023 2:38:09 PM/1",,0,,
77,78,0,"2023-05-02 00:00:00","1899-12-30 11:48:17","1",1,2,0,0,0,0,,,1.0600000000000000e+03,0,0.0000000000000000e+00,1.0600000000000000e+03,1.0600000000000000e+03,"ADMINISTRATOR",0,0,0,0,0,0,0,,,2,,0,0,0,0,,,0,0,,,0,-1.0000000000000000e+00,0.0000000000000000e+00,0.0000000000000000e+00,0.0000000000000000e+00,0,0.0000000000000000e+00,0,,,0,,0,,0,,,0,0,,,0,,0.0000000000000000e+00,"04-24-2023 2:38:09 PM/1",,0,,"CASH"
78,79,0,"2023-05-02 00:00:00","1899-12-30 11:57:22","1",1,2,0,0,0,0,,,5.0000000000000000e+01,0,0.0000000000000000e+00,5.0000000000000000e+01,5.0000000000000000e+01,"ADMINISTRATOR",0,0,0,0,0,0,0,,,,,0,0,0,0,,,0,0,,,0,-1.0000000000000000e+00,0.0000000000000000e+00,0.0000000000000000e+00,0.0000000000000000e+00,0,0.0000000000000000e+00,0,,,0,,0,,0,,,0,0,,,0,,0.0000000000000000e+00,"04-24-2023 2:38:09 PM/1",,0,,"CASH"
79,80,0,"2023-05-02 00:00:00","1899-12-30 13:05:12","1",1,2,0,0,0,0,,,1.6500000000000000e+02,0,0.0000000000000000e+00,1.6500000000000000e+02,1.6500000000000000e+02,"ADMINISTRATOR",0,0,0,0,0,0,0,,,,,0,0,0,0,,,0,0,,,0,-1.0000000000000000e+00,0.0000000000000000e+00,0.0000000000000000e+00,0.0000000000000000e+00,0,0.0000000000000000e+00,0,,,0,,0,,0,,,0,0,,,0,,0.0000000000000000e+00,"04-24-2023 2:38:09 PM/1",,0,,"CASH"
80,81,0,"2023-05-02 00:00:00","1899-12-30 13:31:16","1",1,2,0,0,0,0,,,7.5000000000000000e+01,0,0.0000000000000000e+00,7.5000000000000000e+01,7.5000000000000000e+01,"ADMINISTRATOR",0,0,0,0,0,0,0,,,,,0,0,0,0,,,0,0,,,0,-1.0000000000000000e+00,0.0000000000000000e+00,0.0000000000000000e+00,0.0000000000000000e+00,0,0.0000000000000000e+00,0,,,0,,0,,0,,,0,0,,,0,,0.0000000000000000e+00,"04-24-2023 2:38:09 PM/1",,0,,"CASH"
81,82,0,"2023-05-02 00:00:00","1899-12-30 13:51:12","1",1,2,0,0,0,0,,,1.1850000000000000e+03,0,0.0000000000000000e+00,1.1850000000000000e+03,1.1850000000000000e+03,"ADMINISTRATOR",0,0,0,0,0,0,0,,,,,0,0,0,0,,,0,0,,,0,-1.0000000000000000e+00,0.0000000000000000e+00,0.0000000000000000e+00,0.0000000000000000e+00,0,0.0000000000000000e+00,0,,,0,,0,,0,,,0,0,,,0,,0.0000000000000000e+00,"04-24-2023 2:38:09 PM/1",,0,,"CASH"
82,83,0,"2023-05-02 00:00:00","1899-12-30 14:21:49","1",1,2,0,0,0,0,,,2.3713999999999999e+02,0,0.0000000000000000e+00,2.4000000000000000e+02,2.4000000000000000e+02,"ADMINISTRATOR",0,0,0,0,0,0,0,,,,,0,0,0,0,,,0,0,,,0,-1.0000000000000000e+00,2.8599999999999999e+00,0.0000000000000000e+00,0.0000000000000000e+00,0,0.0000000000000000e+00,0,,,0,,0,,0,,,0,0,,,0,,0.0000000000000000e+00,"04-24-2023 2:38:09 PM/1",,0,,"CASH"
83,84,0,"2023-05-02 00:00:00","1899-12-30 14:37:36","1",1,2,0,0,0,0,,,7.0000000000000000e+01,0,0.0000000000000000e+00,7.0000000000000000e+01,7.0000000000000000e+01,"ADMINISTRATOR",0,0,0,0,0,0,0,,,,,0,0,0,0,,,0,0,,,0,-1.0000000000000000e+00,0.0000000000000000e+00,0.0000000000000000e+00,0.0000000000000000e+00,0,0.0000000000000000e+00,0,,,0,,0,,0,,,0,0,,,0,"9882201239",0.0000000000000000e+00,"04-24-2023 2:38:09 PM/1",,0,,"pawn"
84,85,0,"2023-05-02 00:00:00","1899-12-30 15:56:12","1",1,2,0,0,0,0,,,2.7000000000000000e+02,0,0.0000000000000000e+00,2.7000000000000000e+02,2.7000000000000000e+02,"ADMINISTRATOR",0,0,0,0,0,0,0,,,,,0,0,0,0,,,0,0,,,0,-1.0000000000000000e+00,0.0000000000000000e+00,0.0000000000000000e+00,0.0000000000000000e+00,0,0.0000000000000000e+00,0,,,0,,0,,0,,,0,0,,,0,,0.0000000000000000e+00,"04-24-2023 2:38:09 PM/1",,0,,"CASH"
85,86,0,"2023-05-02 00:00:00","1899-12-30 15:58:14","1",1,2,0,0,0,0,,,2.5000000000000000e+01,0,0.0000000000000000e+00,2.5000000000000000e+01,2.5000000000000000e+01,"ADMINISTRATOR",0,0,0,0,0,0,0,,,,,0,0,0,0,,,0,0,,,0,-1.0000000000000000e+00,0.0000000000000000e+00,0.0000000000000000e+00,0.0000000000000000e+00,0,0.0000000000000000e+00,0,,,0,,0,,0,,,0,0,,,0,,0.0000000000000000e+00,"04-24-2023 2:38:09 PM/1",,0,,"CASH"
86,87,0,"2023-05-02 00:00:00","1899-12-30 16:06:23","1",1,2,0,0,0,0,,,3.1500000000000000e+02,0,0.0000000000000000e+00,3.1500000000000000e+02,3.1500000000000000e+02,"ADMINISTRATOR",0,0,0,0,0,0,0,,,,,0,0,0,0,,,0,0,,,0,-1.0000000000000000e+00,0.0000000000000000e+00,0.0000000000000000e+00,0.0000000000000000e+00,0,0.0000000000000000e+00,0,,,0,,0,,0,,,0,0,,,0,,0.0000000000000000e+00,"04-24-2023 2:38:09 PM/1",,0,,"CASH"
87,88,0,"2023-05-02 00:00:00","1899-12-30 16:51:27","1",1,2,0,0,0,0,,,7.0000000000000000e+01,0,0.0000000000000000e+00,7.0000000000000000e+01,7.0000000000000000e+01,"ADMINISTRATOR",0,0,0,0,0,0,0,,,,,0,0,0,0,,,0,0,,,0,-1.0000000000000000e+00,0.0000000000000000e+00,0.0000000000000000e+00,0.0000000000000000e+00,0,0.0000000000000000e+00,0,,,0,,0,,0,,,0,0,,,0,,0.0000000000000000e+00,"04-24-2023 2:38:09 PM/1",,0,,"CASH"
88,89,0,"2023-05-02 00:00:00","1899-12-30 16:56:01","1",1,2,0,0,0,0,,,5.0000000000000000e+02,0,0.0000000000000000e+00,5.0000000000000000e+02,5.0000000000000000e+02,"ADMINISTRATOR",0,0,0,0,0,0,0,,,,,0,0,0,0,,,0,0,,,0,-1.0000000000000000e+00,0.0000000000000000e+00,0.0000000000000000e+00,0.0000000000000000e+00,0,0.0000000000000000e+00,0,,,0,,0,,0,,,0,0,,,0,,0.0000000000000000e+00,"04-24-2023 2:38:09 PM/1",,0,,"CASH"
89,90,0,"2023-05-02 00:00:00","1899-12-30 18:11:33","1",1,2,0,0,0,0,,,5.4000000000000000e+02,0,0.0000000000000000e+00,5.4000000000000000e+02,5.4000000000000000e+02,"ADMINISTRATOR",0,0,0,0,0,0,0,,,,,0,0,0,0,,,0,0,,,0,-1.0000000000000000e+00,0.0000000000000000e+00,0.0000000000000000e+00,0.0000000000000000e+00,0,0.0000000000000000e+00,0,,,0,,0,,0,,,0,0,,,0,,0.0000000000000000e+00,"04-24-2023 2:38:09 PM/1",,0,,"CASH"
90,91,0,"2023-05-02 00:00:00","1899-12-30 18:14:20","1",1,2,0,0,0,0,,,1.0500000000000000e+02,0,0.0000000000000000e+00,1.0500000000000000e+02,1.0500000000000000e+02,"ADMINISTRATOR",0,0,0,0,0,0,0,,,,,0,0,0,0,,,0,0,,,0,-1.0000000000000000e+00,0.0000000000000000e+00,0.0000000000000000e+00,0.0000000000000000e+00,0,0.0000000000000000e+00,0,,,0,,0,,0,,,0,0,,,0,,0.0000000000000000e+00,"04-24-2023 2:38:09 PM/1",,0,,"CASH"
91,92,0,"2023-05-02 00:00:00","1899-12-30 18:35:19","1",1,2,0,0,0,0,,,4.0000000000000000e+01,0,0.0000000000000000e+00,4.0000000000000000e+01,4.0000000000000000e+01,"ADMINISTRATOR",0,0,0,0,0,0,0,,,,,0,0,0,0,,,0,0,,,0,-1.0000000000000000e+00,0.0000000000000000e+00,0.0000000000000000e+00,0.0000000000000000e+00,0,0.0000000000000000e+00,0,,,0,,0,,0,,,0,0,,,0,,0.0000000000000000e+00,"04-24-2023 2:38:09 PM/1",,0,,"CASH"
92,93,0,"2023-05-02 00:00:00","1899-12-30 18:50:07","1",1,2,0,1,0,0,,,6.7000000000000000e+02,20,1.2200000000000000e+02,5.4800000000000000e+02,5.4800000000000000e+02,"ADMINISTRATOR",0,0,0,0,0,0,0,,,,,0,0,0,0,,,0,0,,,0,-1.0000000000000000e+00,0.0000000000000000e+00,0.0000000000000000e+00,0.0000000000000000e+00,0,0.0000000000000000e+00,0,,,0,,0,,0,,,0,0,,,0,,0.0000000000000000e+00,"04-24-2023 2:38:09 PM/1",,0,,"CASH"
93,94,0,"2023-05-03 00:00:00","1899-12-30 11:04:03","1",1,2,0,0,0,0,,,3.9000000000000000e+02,0,0.0000000000000000e+00,3.9000000000000000e+02,3.9000000000000000e+02,"ADMINISTRATOR",0,0,0,0,0,0,0,,,,,0,0,0,0,,,0,0,,,0,-1.0000000000000000e+00,0.0000000000000000e+00,0.0000000000000000e+00,0.0000000000000000e+00,0,0.0000000000000000e+00,0,,,0,,0,,0,,,0,0,,,0,,0.0000000000000000e+00,"04-24-2023 2:38:09 PM/1",,0,,"CASH"
94,95,0,"2023-05-03 00:00:00","1899-12-30 12:07:58","1",1,2,0,0,0,0,,,3.9500000000000000e+02,0,0.0000000000000000e+00,3.9500000000000000e+02,3.9500000000000000e+02,"ADMINISTRATOR",0,0,0,0,0,0,0,,,,,0,0,0,0,,,0,0,,,0,-1.0000000000000000e+00,0.0000000000000000e+00,0.0000000000000000e+00,0.0000000000000000e+00,0,0.0000000000000000e+00,0,,,0,,0,,0,,,0,0,,,0,,0.0000000000000000e+00,"04-24-2023 2:38:09 PM/1",,0,,"CASH"
95,96,0,"2023-05-03 00:00:00","1899-12-30 17:56:52","1",1,2,0,0,0,0,,,8.4000000000000000e+02,0,0.0000000000000000e+00,8.4000000000000000e+02,8.4000000000000000e+02,"ADMINISTRATOR",0,0,0,0,0,0,0,,,,,0,0,0,0,,,0,0,,,0,-1.0000000000000000e+00,0.0000000000000000e+00,0.0000000000000000e+00,0.0000000000000000e+00,0,0.0000000000000000e+00,0,,,0,,0,,0,,,0,0,,,0,,0.0000000000000000e+00,"04-24-2023 2:38:09 PM/1",,0,,"CASH"
96,97,0,"2023-05-03 00:00:00","1899-12-30 18:44:39","1",1,2,0,0,0,0,,,9.4000000000000000e+02,0,0.0000000000000000e+00,9.4000000000000000e+02,9.4000000000000000e+02,"ADMINISTRATOR",0,0,0,0,0,0,0,,,,,0,0,0,0,,,0,0,,,0,-1.0000000000000000e+00,0.0000000000000000e+00,0.0000000000000000e+00,0.0000000000000000e+00,0,0.0000000000000000e+00,0,,,0,,0,,0,,,0,0,,,0,,0.0000000000000000e+00,"04-24-2023 2:38:09 PM/1",,0,,"CASH"
97,98,0,"2023-05-04 00:00:00","1899-12-30 11:05:23","1",1,2,0,1,0,0,,,2.6000000000000000e+02,20,5.2000000000000000e+01,2.0800000000000000e+02,2.0800000000000000e+02,"ADMINISTRATOR",0,0,0,0,0,0,0,,,,,0,0,0,0,,,0,0,,,0,-1.0000000000000000e+00,0.0000000000000000e+00,0.0000000000000000e+00,0.0000000000000000e+00,0,0.0000000000000000e+00,0,,,0,,0,,0,,,0,0,,,0,,0.0000000000000000e+00,"04-24-2023 2:38:09 PM/1",,0,,"CASH"
98,99,0,"2023-05-04 00:00:00","1899-12-30 11:10:30","1",1,2,0,1,0,0,,,3.0000000000000000e+02,20,5.2000000000000000e+01,2.4800000000000000e+02,2.4800000000000000e+02,"ADMINISTRATOR",0,0,0,0,0,0,0,,,,,0,0,0,0,,,0,0,,,0,-1.0000000000000000e+00,0.0000000000000000e+00,0.0000000000000000e+00,0.0000000000000000e+00,0,0.0000000000000000e+00,0,,,0,,0,,0,,,0,0,,,0,,0.0000000000000000e+00,"04-24-2023 2:38:09 PM/1",,0,,"CASH"
99,100,0,"2023-05-04 00:00:00","1899-12-30 11:21:41","1",1,2,0,0,0,0,,,1.6500000000000000e+02,0,0.0000000000000000e+00,1.6500000000000000e+02,1.6500000000000000e+02,"ADMINISTRATOR",0,0,0,0,0,0,0,,,,,0,0,0,0,,,0,0,,,0,-1.0000000000000000e+00,0.0000000000000000e+00,0.0000000000000000e+00,0.0000000000000000e+00,0,0.0000000000000000e+00,0,,,0,,0,,0,,,0,0,,,0,,0.0000000000000000e+00,"04-24-2023 2:38:09 PM/1",,0,,"CASH"
100,101,0,"2023-05-04 00:00:00","1899-12-30 12:30:11","1",1,2,0,0,0,0,,,1.8000000000000000e+02,0,0.0000000000000000e+00,1.8000000000000000e+02,1.8000000000000000e+02,"ADMINISTRATOR",0,0,0,0,0,0,0,,,,,0,0,0,0,,,0,0,,,0,-1.0000000000000000e+00,0.0000000000000000e+00,0.0000000000000000e+00,0.0000000000000000e+00,0,0.0000000000000000e+00,0,,,0,,0,,0,,,0,0,,,0,,0.0000000000000000e+00,"04-24-2023 2:38:09 PM/1",,0,,"CASH"