AutoCode,SName,Item,Cuisine,Deptt,Rate,Tax,Trackable,Recipie Code,Liquor,Discountable,Category,Genre,Discontinued,GROUPS,SECSTK,RW_SSTK_ACD,PEG TYPE,LARGE,TAXABLE,FORCEQTY,QTY,TQTY,SELL_UOM,UOM_ACODE,ROLLBACK,DECIMAL,PRODUCTION,PROD_QTY,PROD_UOM,PROD_CONV,SRVTAX,BARCODE,PUR_ITEM,PUR_UOM,PUR_CONV,OPG_STK,ASK_RATE,ENB_SHELF_LIFE,SL_VALUE,SL_DURATION,SL_DAYS,BATCH_TYPE,ROLLBK_PRD,DLV_RATE,OPG_STK_LOC,RCP_ACTIVE,CESS_PERC,ICON_IDX,USE_ALT_NAME,ALT_NAME,MIN_LEVEL
22,"0022","Hot Dog Veg",0,"K",9.0000000000000000e+01,0.0000000000000000e+00,0,0,0,1,"BURGERS & HOT D",,0,,0,0,0,0,0,0,0.0000000000000000e+00,0.0000000000000000e+00,"PCS",,0,0,0,0.0000000000000000e+00,,,0,,0,,1.0000000000000000e+00,,0,0,0,,,0,0,,-1,0,0.0000000000000000e+00,,0,,
23,"0023","Hot Dog Non Veg",0,"K",1.2000000000000000e+02,0.0000000000000000e+00,0,0,0,1,"BURGERS & HOT D",,0,,0,0,0,0,0,0,0.0000000000000000e+00,0.0000000000000000e+00,"PCS",,0,0,0,0.0000000000000000e+00,,,0,,0,,1.0000000000000000e+00,,0,0,0,,,0,0,,-1,0,0.0000000000000000e+00,,0,,
24,"25","Classic Margrita (Small)",0,"K",2.2000000000000000e+02,0.0000000000000000e+00,0,0,0,1,"PIZZAS",,0,,0,0,0,0,0,0,0.0000000000000000e+00,0.0000000000000000e+00,"PCS",,0,0,0,0.0000000000000000e+00,,,0,,0,,1.0000000000000000e+00,,0,0,0,,,0,0,,-1,0,0.0000000000000000e+00,,0,,
25,"0025","Farm House Pizza (Small)",0,"K",3.2000000000000000e+02,0.0000000000000000e+00,0,0,0,1,"PIZZAS",,0,,0,0,0,0,0,0,0.0000000000000000e+00,0.0000000000000000e+00,"PCS",,0,0,0,0.0000000000000000e+00,,,0,,0,,1.0000000000000000e+00,,0,0,0,,,0,0,,-1,0,0.0000000000000000e+00,,0,,
26,"0026","Indi Paneer Tikka Pizza (Small)",0,"K",3.0000000000000000e+02,0.0000000000000000e+00,0,0,0,1,"PIZZAS",,0,,0,0,0,0,0,0,0.0000000000000000e+00,0.0000000000000000e+00,"PCS",,0,0,0,0.0000000000000000e+00,,,0,,0,,1.0000000000000000e+00,,0,0,0,,,0,0,,-1,0,0.0000000000000000e+00,,0,,
27,"0027","Mushroom And Corn Pizza (S)",0,"K",2.8000000000000000e+02,0.0000000000000000e+00,0,0,0,1,"PIZZAS",,0,,0,0,0,0,0,0,0.0000000000000000e+00,0.0000000000000000e+00,"PCS",,0,0,0,0.0000000000000000e+00,,,0,,0,,1.0000000000000000e+00,,0,0,0,,,0,0,,-1,0,0.0000000000000000e+00,,0,,
28,"0028","Peri Peri Paneer Tikka And Vegetabl",0,"K",2.8000000000000000e+02,0.0000000000000000e+00,0,0,0,1,"PIZZAS",,0,,0,0,0,0,0,0,0.0000000000000000e+00,0.0000000000000000e+00,"PCS",,0,0,0,0.0000000000000000e+00,,,0,,0,,1.0000000000000000e+00,,0,0,0,,,0,0,,-1,0,0.0000000000000000e+00,,0,,
29,"0029","Chicken Pepperoni (Small)",0,"K",2.5000000000000000e+02,0.0000000000000000e+00,0,0,0,1,"PIZZAS",,0,,0,0,0,0,0,0,0.0000000000000000e+00,0.0000000000000000e+00,"PCS",,0,0,0,0.0000000000000000e+00,,,0,,0,,1.0000000000000000e+00,,0,0,0,,,0,0,,-1,0,0.0000000000000000e+00,,0,,
30,"31","Indi Chicken Tikka (Small)",0,"K",3.5000000000000000e+02,0.0000000000000000e+00,0,0,0,1,"PIZZAS",,0,,0,0,0,0,0,0,0.0000000000000000e+00,0.0000000000000000e+00,"PCS",,0,0,0,0.0000000000000000e+00,,,0,,0,,1.0000000000000000e+00,,0,0,0,,,0,0,,-1,0,0.0000000000000000e+00,,0,,
31,"32","Chicken Salami (Small)",0,"K",3.6000000000000000e+02,0.0000000000000000e+00,0,0,0,1,"PIZZAS",,0,,0,0,0,0,0,0,0.0000000000000000e+00,0.0000000000000000e+00,"PCS",,0,0,0,0.0000000000000000e+00,,,0,,0,,1.0000000000000000e+00,,0,0,0,,,0,0,,-1,0,0.0000000000000000e+00,,0,,
32,"0032","Non Veg Loaded Pizza (Small)",0,"K",3.7000000000000000e+02,0.0000000000000000e+00,0,0,0,1,"PIZZAS",,0,,0,0,0,0,0,0,0.0000000000000000e+00,0.0000000000000000e+00,"PCS",,0,0,0,0.0000000000000000e+00,,,0,,0,,1.0000000000000000e+00,,0,0,0,,,0,0,,-1,0,0.0000000000000000e+00,,0,,
33,"0033","Addon Jalapaeos Small",0,"K",4.0000000000000000e+01,0.0000000000000000e+00,0,0,0,1,"ADDONS",,0,,0,0,0,0,0,0,0.0000000000000000e+00,0.0000000000000000e+00,"PCS",,0,0,0,0.0000000000000000e+00,,,0,,0,,1.0000000000000000e+00,,0,0,0,,,0,0,,-1,0,0.0000000000000000e+00,,0,,
34,"0034","Addon Olives Small",0,"K",4.0000000000000000e+01,0.0000000000000000e+00,0,0,0,1,"ADDONS",,0,,0,0,0,0,0,0,0.0000000000000000e+00,0.0000000000000000e+00,"PCS",,0,0,0,0.0000000000000000e+00,,,0,,0,,1.0000000000000000e+00,,0,0,0,,,0,0,,-1,0,0.0000000000000000e+00,,0,,
35,"0035","Addon Gherkins Small",0,"K",4.0000000000000000e+01,0.0000000000000000e+00,0,0,0,1,"ADDONS",,0,,0,0,0,0,0,0,0.0000000000000000e+00,0.0000000000000000e+00,"PCS",,0,0,0,0.0000000000000000e+00,,,0,,0,,1.0000000000000000e+00,,0,0,0,,,0,0,,-1,0,0.0000000000000000e+00,,0,,
36,"0036","Addon Cheese Small",0,"K",4.0000000000000000e+01,0.0000000000000000e+00,0,0,0,1,"ADDONS",,0,,0,0,0,0,0,0,0.0000000000000000e+00,0.0000000000000000e+00,"PCS",,0,0,0,0.0000000000000000e+00,,,0,,0,,1.0000000000000000e+00,,0,0,0,,,0,0,,-1,0,0.0000000000000000e+00,,0,,
37,"0037","Addon Chicken Small",0,"K",4.0000000000000000e+01,0.0000000000000000e+00,0,0,0,1,"ADDONS",,0,,0,0,0,0,0,1,5.0000000000000000e+01,0.0000000000000000e+00,"NOS",,0,0,0,0.0000000000000000e+00,,,0,,1,"NOS",1.0000000000000000e+00,5.0000000000000000e+01,0,0,0,,,0,0,,0,0,0.0000000000000000e+00,,0,,0.0000000000000000e+00
38,"43","Addon Cheese Large",0,"K",6.0000000000000000e+01,0.0000000000000000e+00,0,0,0,1,"ADDONS",,0,,0,0,0,0,0,0,0.0000000000000000e+00,0.0000000000000000e+00,"PCS",,0,0,0,0.0000000000000000e+00,,,0,,0,,1.0000000000000000e+00,,0,0,0,,,0,0,,-1,0,0.0000000000000000e+00,,0,,
39,"0039","Addon Chicken Large",0,"K",6.0000000000000000e+01,0.0000000000000000e+00,0,0,0,1,"ADDONS",,0,,0,0,0,0,0,0,0.0000000000000000e+00,0.0000000000000000e+00,"PCS",,0,0,0,0.0000000000000000e+00,,,0,,0,,1.0000000000000000e+00,,0,0,0,,,0,0,,-1,0,0.0000000000000000e+00,,0,,
40,"0040","Addon Gherkins Large",0,"K",6.0000000000000000e+01,0.0000000000000000e+00,0,0,0,1,"ADDONS",,0,,0,0,0,0,0,0,0.0000000000000000e+00,0.0000000000000000e+00,"PCS",,0,0,0,0.0000000000000000e+00,,,0,,0,,1.0000000000000000e+00,,0,0,0,,,0,0,,-1,0,0.0000000000000000e+00,,0,,
41,"0041","Addon Olives Large",0,"K",6.0000000000000000e+01,0.0000000000000000e+00,0,0,0,1,"ADDONS",,0,,0,0,0,0,0,0,0.0000000000000000e+00,0.0000000000000000e+00,"PCS",,0,0,0,0.0000000000000000e+00,,,0,,0,,1.0000000000000000e+00,,0,0,0,,,0,0,,-1,0,0.0000000000000000e+00,,0,,
42,"0042","Addon Jalapenos",0,"K",6.0000000000000000e+01,0.0000000000000000e+00,0,0,0,1,"ADDONS",,0,,0,0,0,0,0,0,0.0000000000000000e+00,0.0000000000000000e+00,"PCS",,0,0,0,0.0000000000000000e+00,,,0,,0,,1.0000000000000000e+00,,0,0,0,,,0,0,,-1,0,0.0000000000000000e+00,,0,,
1,"2","French Fries",0,"K",1.1000000000000000e+02,0.0000000000000000e+00,0,0,0,1,"STARTERS",,0,,0,0,0,0,0,0,0.0000000000000000e+00,0.0000000000000000e+00,"PCS",,0,0,0,0.0000000000000000e+00,,,0,,0,,1.0000000000000000e+00,,0,0,0,,,0,0,,-1,0,0.0000000000000000e+00,,0,,
2,"0002","Wedges French Fries",0,"K",1.1000000000000000e+02,0.0000000000000000e+00,0,0,0,1,"STARTERS",,0,,0,0,0,0,0,0,0.0000000000000000e+00,0.0000000000000000e+00,"PCS",,0,0,0,0.0000000000000000e+00,,,0,,0,,1.0000000000000000e+00,,0,0,0,,,0,0,,-1,0,0.0000000000000000e+00,,0,,
3,"0003","Crispy Chicken Fries",0,"K",1.8000000000000000e+02,0.0000000000000000e+00,0,0,0,1,"STARTERS",,0,,0,0,0,0,0,0,0.0000000000000000e+00,0.0000000000000000e+00,"PCS",,0,0,0,0.0000000000000000e+00,,,0,,0,,1.0000000000000000e+00,,0,0,0,,,0,0,,-1,0,0.0000000000000000e+00,,0,,
4,"5","Peri Peri French Fries",0,"K",1.2000000000000000e+02,0.0000000000000000e+00,0,0,0,1,"STARTERS",,0,,0,0,0,0,0,0,0.0000000000000000e+00,0.0000000000000000e+00,"PCS",,0,0,0,0.0000000000000000e+00,,,0,,0,,1.0000000000000000e+00,,0,0,0,,,0,0,,-1,0,0.0000000000000000e+00,,0,,
5,"0005","Cheezy Pizza Fries",0,"K",1.7000000000000000e+02,0.0000000000000000e+00,0,0,0,1,"STARTERS",,0,,0,0,0,0,0,0,0.0000000000000000e+00,0.0000000000000000e+00,"PCS",,0,0,0,0.0000000000000000e+00,,,0,,0,,1.0000000000000000e+00,,0,0,0,,,0,0,,-1,0,0.0000000000000000e+00,,0,,
6,"7","Cheesy Cheesy French Fries",0,"K",1.3000000000000000e+02,0.0000000000000000e+00,0,0,0,1,"STARTERS",,0,,0,0,0,0,0,0,0.0000000000000000e+00,0.0000000000000000e+00,"PCS",,0,0,0,0.0000000000000000e+00,,,0,,0,,1.0000000000000000e+00,,0,0,0,,,0,0,,-1,0,0.0000000000000000e+00,,0,,
7,"0007","Classic Chilly Cheese Toast",0,"K",2.2000000000000000e+02,0.0000000000000000e+00,0,0,0,1,"STARTERS",,0,,0,0,0,0,0,0,0.0000000000000000e+00,0.0000000000000000e+00,"PCS",,0,0,0,0.0000000000000000e+00,,,0,,0,,1.0000000000000000e+00,,0,0,0,,,0,0,,-1,0,0.0000000000000000e+00,,0,,
8,"0008","Cheese Corn Triangles",0,"K",1.8000000000000000e+02,0.0000000000000000e+00,0,0,0,1,"STARTERS",,0,,0,0,0,0,0,0,0.0000000000000000e+00,0.0000000000000000e+00,"PCS",,0,0,0,0.0000000000000000e+00,,,0,,0,,1.0000000000000000e+00,,0,0,0,,,0,0,,-1,0,0.0000000000000000e+00,,0,,
9,"0009","Spicy Spchicken Wing",0,"K",2.2000000000000000e+02,0.0000000000000000e+00,0,0,0,1,"STARTERS",,0,,0,0,0,0,0,0,0.0000000000000000e+00,0.0000000000000000e+00,"PCS",,0,0,0,0.0000000000000000e+00,,,0,,0,,1.0000000000000000e+00,,0,0,0,,,0,0,,-1,0,0.0000000000000000e+00,,0,,
10,"0010","Fried Rice Vegetarian",0,"K",2.2000000000000000e+02,0.0000000000000000e+00,0,0,0,1,"STARTERS",,0,,0,0,0,0,0,0,0.0000000000000000e+00,0.0000000000000000e+00,"PCS",,0,0,0,0.0000000000000000e+00,,,0,,0,,1.0000000000000000e+00,,0,0,0,,,0,0,,-1,0,0.0000000000000000e+00,,0,,
11,"0011","Fried Rise Chicken",0,"K",2.7000000000000000e+02,0.0000000000000000e+00,0,0,0,1,"STARTERS",,0,,0,0,0,0,0,0,0.0000000000000000e+00,0.0000000000000000e+00,"PCS",,0,0,0,0.0000000000000000e+00,,,0,,0,,1.0000000000000000e+00,,0,0,0,,,0,0,,-1,0,0.0000000000000000e+00,,0,,
12,"0012","Vegrtable In Garlic Sauce",0,"K",2.6000000000000000e+02,0.0000000000000000e+00,0,0,0,1,"STARTERS",,0,,0,0,0,0,0,0,0.0000000000000000e+00,0.0000000000000000e+00,"PCS",,0,0,0,0.0000000000000000e+00,,,0,,0,,1.0000000000000000e+00,,0,0,0,,,0,0,,-1,0,0.0000000000000000e+00,,0,,
13,"0013","Chilly Cheese",0,"K",2.8000000000000000e+02,0.0000000000000000e+00,0,0,0,1,"STARTERS",,0,,0,0,0,0,0,0,0.0000000000000000e+00,0.0000000000000000e+00,"PCS",,0,0,0,0.0000000000000000e+00,,,0,,0,,1.0000000000000000e+00,,0,0,0,,,0,0,,-1,0,0.0000000000000000e+00,,0,,
14,"0014","Chicken In Garlic Sauce",0,"K",3.2000000000000000e+02,0.0000000000000000e+00,0,0,0,1,"STARTERS",,0,,0,0,0,0,0,0,0.0000000000000000e+00,0.0000000000000000e+00,"PCS",,0,0,0,0.0000000000000000e+00,,,0,,0,,1.0000000000000000e+00,,0,0,0,,,0,0,,-1,0,0.0000000000000000e+00,,0,,
15,"0015","Herb Chilly Potato Burger",0,"K",9.0000000000000000e+01,0.0000000000000000e+00,0,0,0,1,"BURGERS & HOT D",,0,,0,0,0,0,0,0,0.0000000000000000e+00,0.0000000000000000e+00,"PCS",,0,0,0,0.0000000000000000e+00,,,0,,0,,1.0000000000000000e+00,,0,0,0,,,0,0,,-1,0,0.0000000000000000e+00,,0,,
16,"0016","Spicy Paneer Burger",0,"K",1.2000000000000000e+02,0.0000000000000000e+00,0,0,0,1,"BURGERS & HOT D",,0,,0,0,0,0,0,0,0.0000000000000000e+00,0.0000000000000000e+00,"PCS",,0,0,0,0.0000000000000000e+00,,,0,,0,,1.0000000000000000e+00,,0,0,0,,,0,0,,-1,0,0.0000000000000000e+00,,0,,
17,"0017","Chicken Burger",0,"K",1.3000000000000000e+02,0.0000000000000000e+00,0,0,0,1,"BURGERS & HOT D",,0,,0,0,0,0,0,0,0.0000000000000000e+00,0.0000000000000000e+00,"PCS",,0,0,0,0.0000000000000000e+00,,,0,,0,,1.0000000000000000e+00,,0,0,0,,,0,0,,-1,0,0.0000000000000000e+00,,0,,
18,"0018","Egg Salami Burger",0,"K",1.6000000000000000e+02,0.0000000000000000e+00,0,0,0,1,"BURGERS & HOT D",,0,,0,0,0,0,0,0,0.0000000000000000e+00,0.0000000000000000e+00,"PCS",,0,0,0,0.0000000000000000e+00,,,0,,0,,1.0000000000000000e+00,,0,0,0,,,0,0,,-1,0,0.0000000000000000e+00,,0,,
19,"0019","Chicken Ham Burger",0,"K",1.8000000000000000e+02,0.0000000000000000e+00,0,0,0,1,"BURGERS & HOT D",,0,,0,0,0,0,0,0,0.0000000000000000e+00,0.0000000000000000e+00,"PCS",,0,0,0,0.0000000000000000e+00,,,0,,0,,1.0000000000000000e+00,,0,0,0,,,0,0,,-1,0,0.0000000000000000e+00,,0,,
20,"0020","Chicken Becon Burger",0,"K",1.8000000000000000e+02,0.0000000000000000e+00,0,0,0,1,"BURGERS & HOT D",,0,,0,0,0,0,0,0,0.0000000000000000e+00,0.0000000000000000e+00,"PCS",,0,0,0,0.0000000000000000e+00,,,0,,0,,1.0000000000000000e+00,,0,0,0,,,0,0,,-1,0,0.0000000000000000e+00,,0,,
21,"0021","Loaded Chicken Burger",0,"K",3.2000000000000000e+02,0.0000000000000000e+00,0,0,0,1,"BURGERS & HOT D",,0,,0,0,0,0,0,0,0.0000000000000000e+00,0.0000000000000000e+00,"PCS",,0,0,0,0.0000000000000000e+00,,,0,,0,,1.0000000000000000e+00,,0,0,0,,,0,0,,-1,0,0.0000000000000000e+00,,0,,
43,"0043","Margrita Pizza (Large)",0,"K",2.6000000000000000e+02,0.0000000000000000e+00,0,0,0,1,"PIZZAS",,0,,0,0,0,0,0,0,0.0000000000000000e+00,0.0000000000000000e+00,"PCS",,0,0,0,0.0000000000000000e+00,,,0,,0,,1.0000000000000000e+00,,0,0,0,,,0,0,,-1,0,0.0000000000000000e+00,,0,,
44,"0044","Farm House Pizza (Large)",0,"K",4.5000000000000000e+02,0.0000000000000000e+00,0,0,0,1,"PIZZAS",,0,,0,0,0,0,0,0,0.0000000000000000e+00,0.0000000000000000e+00,"PCS",,0,0,0,0.0000000000000000e+00,,,0,,0,,1.0000000000000000e+00,,0,0,0,,,0,0,,-1,0,0.0000000000000000e+00,,0,,
45,"0045","Indi Paneer Tikka Pizza (Large)",0,"K",4.0000000000000000e+02,0.0000000000000000e+00,0,0,0,1,"PIZZAS",,0,,0,0,0,0,0,0,0.0000000000000000e+00,0.0000000000000000e+00,"PCS",,0,0,0,0.0000000000000000e+00,,,0,,0,,1.0000000000000000e+00,,0,0,0,,,0,0,,-1,0,0.0000000000000000e+00,,0,,
46,"0046","Mushroom And Corn Pizza (Large)",0,"K",3.6000000000000000e+02,0.0000000000000000e+00,0,0,0,1,"PIZZAS",,0,,0,0,0,0,0,0,0.0000000000000000e+00,0.0000000000000000e+00,"PCS",,0,0,0,0.0000000000000000e+00,,,0,,0,,1.0000000000000000e+00,,0,0,0,,,0,0,,-1,0,0.0000000000000000e+00,,0,,
47,"48","Peri Peri Paneer Tikka And Veg (L)",0,"K",3.7000000000000000e+02,0.0000000000000000e+00,0,0,0,1,"PIZZAS",,0,,0,0,0,0,0,0,0.0000000000000000e+00,0.0000000000000000e+00,"PCS",,0,0,0,0.0000000000000000e+00,,,0,,0,,1.0000000000000000e+00,,0,0,0,,,0,0,,-1,0,0.0000000000000000e+00,,0,,
48,"0048","Classic Chicken Pepperoni (Large)",0,"K",3.2000000000000000e+02,0.0000000000000000e+00,0,0,0,1,"PIZZAS",,0,,0,0,0,0,0,0,0.0000000000000000e+00,0.0000000000000000e+00,"PCS",,0,0,0,0.0000000000000000e+00,,,0,,0,,1.0000000000000000e+00,,0,0,0,,,0,0,,-1,0,0.0000000000000000e+00,,0,,
49,"0049","Indi Chicken Tikka (Large)",0,"K",4.2000000000000000e+02,0.0000000000000000e+00,0,0,0,1,"PIZZAS",,0,,0,0,0,0,0,0,0.0000000000000000e+00,0.0000000000000000e+00,"PCS",,0,0,0,0.0000000000000000e+00,,,0,,0,,1.0000000000000000e+00,,0,0,0,,,0,0,,-1,0,0.0000000000000000e+00,,0,,
50,"0050","Chicken Salami (Large)",0,"K",4.3000000000000000e+02,0.0000000000000000e+00,0,0,0,1,"PIZZAS",,0,,0,0,0,0,0,0,0.0000000000000000e+00,0.0000000000000000e+00,"PCS",,0,0,0,0.0000000000000000e+00,,,0,,0,,1.0000000000000000e+00,,0,0,0,,,0,0,,-1,0,0.0000000000000000e+00,,0,,
51,"0051","Non Veg Loaded  (Large)",0,"K",4.5000000000000000e+02,0.0000000000000000e+00,0,0,0,1,"PIZZAS",,0,,0,0,0,0,0,0,0.0000000000000000e+00,0.0000000000000000e+00,"PCS",,0,0,0,0.0000000000000000e+00,,,0,,0,,1.0000000000000000e+00,,0,0,0,,,0,0,,-1,0,0.0000000000000000e+00,,0,,
53,"53","Super Greens Sandwich  Simple",0,"K",1.6000000000000000e+02,0.0000000000000000e+00,1,0,0,1,"GRILLED SANDWIC",,0,,0,0,0,0,0,0,,,"PCS",,0,0,0,,,,0,,0,,1.0000000000000000e+00,,0,0,0,,,,0,,-1,0,0.0000000000000000e+00,,0,,
54,"0053","Super Greens Sandwich  Combo",0,"K",2.3000000000000000e+02,0.0000000000000000e+00,0,0,0,1,"GRILLED SANDWIC",,0,,0,0,0,0,0,0,,,"PCS",,0,0,0,,,,0,,0,,1.0000000000000000e+00,,0,0,0,,,,0,,-1,0,0.0000000000000000e+00,,0,,
55,"0054","Vegetable And Corn (Simple)",0,"K",1.5000000000000000e+02,0.0000000000000000e+00,0,0,0,1,"GRILLED SANDWIC",,0,,0,0,0,0,0,0,,,"PCS",,0,0,0,,,,0,,0,,1.0000000000000000e+00,,0,0,0,,,,0,,-1,0,0.0000000000000000e+00,,0,,
56,"56","Vegetable And Corn Combo",0,"K",2.7000000000000000e+02,0.0000000000000000e+00,0,0,0,0,"GRILLED SANDWIC",,0,,0,0,0,0,0,0,,,"PCS",,0,0,0,,,,0,,0,,1.0000000000000000e+00,,0,0,0,,,,0,,-1,0,0.0000000000000000e+00,,0,,
57,"0056","Peppy Paneer Tikka Grill Sand (S)",0,"K",1.6000000000000000e+02,0.0000000000000000e+00,0,0,0,1,"GRILLED SANDWIC",,0,,0,0,0,0,0,0,,,"PCS",,0,0,0,,,,0,,0,,1.0000000000000000e+00,,0,0,0,,,,0,,-1,0,0.0000000000000000e+00,,0,,
58,"0057","Peppy Paneer Tikka Grill Sand (C)",0,"K",2.3000000000000000e+02,0.0000000000000000e+00,0,0,0,1,"GRILLED SANDWIC",,0,,0,0,0,0,0,0,,,"PCS",,0,0,0,,,,0,,0,,1.0000000000000000e+00,,0,0,0,,,,0,,-1,0,0.0000000000000000e+00,,0,,
59,"0058","Mushroom And Spinach (Simple)",0,"K",1.5000000000000000e+02,0.0000000000000000e+00,1,0,0,1,"GRILLED SANDWIC",,0,,0,0,0,0,0,0,,,"PCS",,0,0,0,,,,0,,0,,1.0000000000000000e+00,,0,0,0,,,,0,,-1,0,0.0000000000000000e+00,,0,,
60,"0059","Mushroom And Spinach Sandwich (Comb",0,"K",2.4000000000000000e+02,0.0000000000000000e+00,0,0,0,1,"GRILLED SANDWIC",,0,,0,0,0,0,0,0,,,"PCS",,0,0,0,,,,0,,0,,1.0000000000000000e+00,,0,0,0,,,,0,,-1,0,0.0000000000000000e+00,,0,,
61,"0060","Chicken Salami And Cheese (Simple)",0,"K",1.8000000000000000e+02,0.0000000000000000e+00,0,0,0,1,"GRILLED SANDWIC",,0,,0,0,0,0,0,0,,,"PCS",,0,0,0,,,,0,,0,,1.0000000000000000e+00,,0,0,0,,,,0,,-1,0,0.0000000000000000e+00,,0,,
62,"0061","Chicken Salami And Cheese Combo",0,"K",2.5000000000000000e+02,0.0000000000000000e+00,0,0,0,1,"GRILLED SANDWIC",,0,,0,0,0,0,0,0,,,"PCS",,0,0,0,,,,0,,0,,1.0000000000000000e+00,,0,0,0,,,,0,,-1,0,0.0000000000000000e+00,,0,,
63,"0062","Chicken Tikka Grill Sand (Simp)",0,"K",1.7000000000000000e+02,0.0000000000000000e+00,0,0,0,1,"GRILLED SANDWIC",,0,,0,0,0,0,0,0,,,"PCS",,0,0,0,,,,0,,0,,1.0000000000000000e+00,,0,0,0,,,,0,,-1,0,0.0000000000000000e+00,,0,,
64,"0063","Chicken Tikka Grill Sand (Combo)",0,"K",2.6000000000000000e+02,0.0000000000000000e+00,0,0,0,1,"GRILLED SANDWIC",,0,,0,0,0,0,0,0,,,"PCS",,0,0,0,,,,0,,0,,1.0000000000000000e+00,,0,0,0,,,,0,,-1,0,0.0000000000000000e+00,,0,,
65,"0064","Classic Bacon. Lettuce And Tom(S)",0,"K",1.7000000000000000e+02,0.0000000000000000e+00,0,0,0,1,"GRILLED SANDWIC",,0,,0,0,0,0,0,0,,,"PCS",,0,0,0,,,,0,,0,,1.0000000000000000e+00,,0,0,0,,,,0,,-1,0,0.0000000000000000e+00,,0,,
66,"66","Bacon Lettuce Tomato Grill Sand (S)",0,"K",2.8000000000000000e+02,0.0000000000000000e+00,0,0,0,1,"GRILLED SANDWIC",,0,,0,0,0,0,0,0,,,"PCS",,0,0,0,,,,0,,0,,1.0000000000000000e+00,,0,0,0,,,,0,,-1,0,0.0000000000000000e+00,,0,,
67,"0066","Veg Club Sandwich (Simple)",0,"K",2.1000000000000000e+02,0.0000000000000000e+00,0,0,0,1,"GRILLED SANDWIC",,0,,0,0,0,0,0,0,,,"PCS",,0,0,0,,,,0,,0,,1.0000000000000000e+00,,0,0,0,,,,0,,-1,0,0.0000000000000000e+00,,0,,
68,"0067","Veg Club Sandwich Combo",0,"K",3.0000000000000000e+02,0.0000000000000000e+00,0,0,0,1,"GRILLED SANDWIC",,0,,0,0,0,0,0,0,,,"PCS",,0,0,0,,,,0,,0,,1.0000000000000000e+00,,0,0,0,,,,0,,-1,0,0.0000000000000000e+00,,0,,
69,"0068","Non Veg Club Sandwich (Simple)",0,"K",2.4000000000000000e+02,0.0000000000000000e+00,0,0,0,1,"GRILLED SANDWIC",,0,,0,0,0,0,0,0,,,"PCS",,0,0,0,,,,0,,0,,1.0000000000000000e+00,,0,0,0,,,,0,,-1,0,0.0000000000000000e+00,,0,,
70,"0069","Non Veg Club Sandwich Combo",0,"K",3.2000000000000000e+02,0.0000000000000000e+00,0,0,0,1,"GRILLED SANDWIC",,0,,0,0,0,0,0,0,,,"PCS",,0,0,0,,,,0,,0,,1.0000000000000000e+00,,0,0,0,,,,0,,-1,0,0.0000000000000000e+00,,0,,
71,"0070","Cheesy Mushroom Corn Panini (S)",0,"K",1.8000000000000000e+02,0.0000000000000000e+00,0,0,0,1,"PANINI SANDWICH",,0,,0,0,0,0,0,0,,,"PCS",,0,0,0,,,,0,,0,,1.0000000000000000e+00,,0,0,0,,,,0,,-1,0,0.0000000000000000e+00,,0,,
72,"0071","Cheesy Mushroom Corn Panini Combo",0,"K",2.5000000000000000e+02,0.0000000000000000e+00,0,0,0,1,"PANINI SANDWICH",,0,,0,0,0,0,0,0,,,"PCS",,0,0,0,,,,0,,0,,1.0000000000000000e+00,,0,0,0,,,,0,,-1,0,0.0000000000000000e+00,,0,,
73,"0072","Paner Tikka Cheese Panini Simple",0,"K",1.9000000000000000e+02,0.0000000000000000e+00,0,0,0,1,"PANINI SANDWICH",,0,,0,0,0,0,0,0,,,"PCS",,0,0,0,,,,0,,0,,1.0000000000000000e+00,,0,0,0,,,,0,,-1,0,0.0000000000000000e+00,,0,,
74,"0073","Paner Tikka Cheese Panini Combo",0,"K",2.6000000000000000e+02,0.0000000000000000e+00,0,0,0,1,"PANINI SANDWICH",,0,,0,0,0,0,0,0,,,"PCS",,0,0,0,,,,0,,0,,1.0000000000000000e+00,,0,0,0,,,,0,,-1,0,0.0000000000000000e+00,,0,,
75,"0074","Chicken Tikka Panini (Simple)",0,"K",1.9000000000000000e+02,0.0000000000000000e+00,1,0,0,1,"PANINI SANDWICH",,0,,0,0,0,0,0,0,,,"PCS",,0,0,0,,,,0,,0,,1.0000000000000000e+00,,0,0,0,,,,0,,-1,0,0.0000000000000000e+00,,0,,
76,"0075","Chicken Tikka Panini Combo",0,"K",2.8000000000000000e+02,0.0000000000000000e+00,0,0,0,1,"PANINI SANDWICH",,0,,0,0,0,0,0,0,,,"PCS",,0,0,0,,,,0,,0,,1.0000000000000000e+00,,0,0,0,,,,0,,-1,0,0.0000000000000000e+00,,0,,
77,"0076","Bacon Lettuce Tomato Gill Sand (Sim",0,"K",1.9000000000000000e+02,0.0000000000000000e+00,0,0,0,1,"PANINI SANDWICH",,0,,0,0,0,0,0,0,,,"PCS",,0,0,0,,,,0,,0,,1.0000000000000000e+00,,0,0,0,,,,0,,-1,0,0.0000000000000000e+00,,0,,
78,"0077","Bacon Lettuce Tomato Grill Combo",0,"K",2.8000000000000000e+02,0.0000000000000000e+00,0,0,0,1,"PANINI SANDWICH",,0,,0,0,0,0,0,0,,,"PCS",,0,0,0,,,,0,,0,,1.0000000000000000e+00,,0,0,0,,,,0,,-1,0,0.0000000000000000e+00,,0,,
79,"0078","Barbeque Chicken And Jalapeno (S)",0,"K",2.2000000000000000e+02,0.0000000000000000e+00,0,0,0,1,"PANINI SANDWICH",,0,,0,0,0,0,0,0,,,"PCS",,0,0,0,,,,0,,0,,1.0000000000000000e+00,,0,0,0,,,,0,,-1,0,0.0000000000000000e+00,,0,,
80,"0079","Barbeque Chicken And Jalapeno (C)",0,"K",2.8000000000000000e+02,0.0000000000000000e+00,0,0,0,1,"PANINI SANDWICH",,0,,0,0,0,0,0,0,,,"PCS",,0,0,0,,,,0,,0,,1.0000000000000000e+00,,0,0,0,,,,0,,-1,0,0.0000000000000000e+00,,0,,
81,"0080","Healthy Coleslaw (Simple)",0,"K",1.5000000000000000e+02,0.0000000000000000e+00,0,0,0,1,"HEALTHY COLD SA",,0,,0,0,0,0,0,0,,,"PCS",,0,0,0,,,,0,,0,,1.0000000000000000e+00,,0,0,0,,,,0,,-1,0,0.0000000000000000e+00,,0,,
82,"0081","Healthy Coleslaw Combo",0,"K",2.3000000000000000e+02,0.0000000000000000e+00,0,0,0,1,"HEALTHY COLD SA",,0,,0,0,0,0,0,0,,,"PCS",,0,0,0,,,,0,,0,,1.0000000000000000e+00,,0,0,0,,,,0,,-1,0,0.0000000000000000e+00,,0,,
83,"0082","Paneer Tikka Cold Sand (S)",0,"K",1.6000000000000000e+02,0.0000000000000000e+00,0,0,0,1,"HEALTHY COLD SA",,0,,0,0,0,0,0,0,,,"PCS",,0,0,0,,,,0,,0,,1.0000000000000000e+00,,0,0,0,,,,0,,-1,0,0.0000000000000000e+00,,0,,
84,"0083","Paneer TikkaÂ cold Sandwich (C)",0,"K",2.5000000000000000e+02,0.0000000000000000e+00,0,0,0,1,"HEALTHY COLD SA",,0,,0,0,0,0,0,0,,,"PCS",,0,0,0,,,,0,,0,,1.0000000000000000e+00,,0,0,0,,,,0,,-1,0,0.0000000000000000e+00,,0,,
85,"0084","Chicken Tikka Cold Sandwich (Simpl)",0,"K",1.8000000000000000e+02,0.0000000000000000e+00,0,0,0,1,"HEALTHY COLD SA",,0,,0,0,0,0,0,0,,,"PCS",,0,0,0,,,,0,,0,,1.0000000000000000e+00,,0,0,0,,,,0,,-1,0,0.0000000000000000e+00,,0,,
86,"0085","Chicken Tikka Cold Sand Combo",0,"K",2.7000000000000000e+02,0.0000000000000000e+00,0,0,0,1,"HEALTHY COLD SA",,0,,0,0,0,0,0,0,,,"PCS",,0,0,0,,,,0,,0,,1.0000000000000000e+00,,0,0,0,,,,0,,-1,0,0.0000000000000000e+00,,0,,
87,"0086","Vegetable Wrap",0,"K",1.2000000000000000e+02,0.0000000000000000e+00,0,0,0,1,"WRAPS",,0,,0,0,0,0,0,0,,,"PCS",,0,0,0,,,,0,,0,,1.0000000000000000e+00,,0,0,0,,,,0,,-1,0,0.0000000000000000e+00,,0,,
88,"0087","Paneer Tikka Wrap",0,"K",1.5000000000000000e+02,0.0000000000000000e+00,0,0,0,1,"WRAPS",,0,,0,0,0,0,0,0,,,"PCS",,0,0,0,,,,0,,0,,1.0000000000000000e+00,,0,0,0,,,,0,,-1,0,0.0000000000000000e+00,,0,,
89,"0088","Chicken Tikka Wrap",0,"K",2.0000000000000000e+02,0.0000000000000000e+00,0,0,0,1,"WRAPS",,0,,0,0,0,0,0,0,,,"PCS",,0,0,0,,,,0,,0,,1.0000000000000000e+00,,0,0,0,,,,0,,-1,0,0.0000000000000000e+00,,0,,
90,"0089","Barbeque Chicken Wrap",0,"K",2.2000000000000000e+02,0.0000000000000000e+00,0,0,0,1,"WRAPS",,0,,0,0,0,0,0,0,,,"PCS",,0,0,0,,,,0,,0,,1.0000000000000000e+00,,0,0,0,,,,0,,-1,0,0.0000000000000000e+00,,0,,
91,"0090","Spicy Red Pasta (Veg.)",0,"K",1.8000000000000000e+02,0.0000000000000000e+00,0,0,0,1,"PASTA",,0,,0,0,0,0,0,0,,,"PCS",,0,0,0,,,,0,,0,,1.0000000000000000e+00,,0,0,0,,,,0,,-1,0,0.0000000000000000e+00,,0,,
92,"0091","Spicy Red Pasta (Non.Veg.)",0,"K",2.4000000000000000e+02,0.0000000000000000e+00,0,0,0,1,"PASTA",,0,,0,0,0,0,0,0,,,"PCS",,0,0,0,,,,0,,0,,1.0000000000000000e+00,,0,0,0,,,,0,,-1,0,0.0000000000000000e+00,,0,,
93,"0092","Pesto Pasta ( Veg.)",0,"K",2.0000000000000000e+02,0.0000000000000000e+00,0,0,0,1,"PASTA",,0,,0,0,0,0,0,0,,,"PCS",,0,0,0,,,,0,,0,,1.0000000000000000e+00,,0,0,0,,,,0,,-1,0,0.0000000000000000e+00,,0,,
134,"0133","Ice Tea Lemon M",0,"K",1.2000000000000000e+02,0.0000000000000000e+00,0,0,0,1,"ICE SODA BLAST",,0,,0,0,0,0,0,0,,,"PCS",,0,0,0,,,,0,,0,,1.0000000000000000e+00,,0,0,0,,,,0,,-1,0,0.0000000000000000e+00,,0,,
135,"0134","Ice Tea Lemon L",0,"K",1.6000000000000000e+02,0.0000000000000000e+00,0,0,0,1,"ICE SODA BLAST",,0,,0,0,0,0,0,0,,,"PCS",,0,0,0,,,,0,,0,,1.0000000000000000e+00,,0,0,0,,,,0,,-1,0,0.0000000000000000e+00,,0,,
136,"0135","Ice Tea Peach M",0,"K",1.4000000000000000e+02,0.0000000000000000e+00,0,0,0,1,"ICE SODA BLAST",,0,,0,0,0,0,0,0,,,"PCS",,0,0,0,,,,0,,0,,1.0000000000000000e+00,,0,0,0,,,,0,,-1,0,0.0000000000000000e+00,,0,,
137,"137","Ice Tea Peach L",0,"K",1.9000000000000000e+02,0.0000000000000000e+00,0,0,0,1,"ICE SODA BLAST",,0,,0,0,0,0,0,0,,,"PCS",,0,0,0,,,,0,,0,,1.0000000000000000e+00,,0,0,0,,,,0,,-1,0,0.0000000000000000e+00,,0,,
138,"0137","Expresso M",0,"K",7.5000000000000000e+01,0.0000000000000000e+00,0,0,0,1,"HOT BEVERAGES",,0,,0,0,0,0,0,0,,,"PCS",,0,0,0,,,,0,,0,,1.0000000000000000e+00,,0,0,0,,,,0,,-1,0,0.0000000000000000e+00,,0,,
139,"0138","Espresso L",0,"K",1.2500000000000000e+02,0.0000000000000000e+00,0,0,0,1,"HOT BEVERAGES",,0,,0,0,0,0,0,0,,,"PCS",,0,0,0,,,,0,,0,,1.0000000000000000e+00,,0,0,0,,,,0,,-1,0,0.0000000000000000e+00,,0,,
140,"0139","Cafe Latte M",0,"K",1.2000000000000000e+02,0.0000000000000000e+00,0,0,0,1,"HOT BEVERAGES",,0,,0,0,0,0,0,0,,,"PCS",,0,0,0,,,,0,,0,,1.0000000000000000e+00,,0,0,0,,,,0,,-1,0,0.0000000000000000e+00,,0,,
141,"0140","Cafe Latte L",0,"K",1.5000000000000000e+02,0.0000000000000000e+00,0,0,0,1,"HOT BEVERAGES",,0,,0,0,0,0,0,0,,,"PCS",,0,0,0,,,,0,,0,,1.0000000000000000e+00,,0,0,0,,,,0,,-1,0,0.0000000000000000e+00,,0,,
142,"0141","Cappuccino M",0,"K",1.3000000000000000e+02,0.0000000000000000e+00,0,0,0,1,"HOT BEVERAGES",,0,,0,0,0,0,0,0,,,"PCS",,0,0,0,,,,0,,0,,1.0000000000000000e+00,,0,0,0,,,,0,,-1,0,0.0000000000000000e+00,,0,,
143,"0142","Cappuccino L",0,"K",1.6000000000000000e+02,0.0000000000000000e+00,0,0,0,1,"HOT BEVERAGES",,0,,0,0,0,0,0,0,,,"PCS",,0,0,0,,,,0,,0,,1.0000000000000000e+00,,0,0,0,,,,0,,-1,0,0.0000000000000000e+00,,0,,
144,"0143","M Asala Tea M",0,"K",6.0000000000000000e+01,0.0000000000000000e+00,0,0,0,1,"HOT BEVERAGES",,0,,0,0,0,0,0,0,,,"PCS",,0,0,0,,,,0,,0,,1.0000000000000000e+00,,0,0,0,,,,0,,-1,0,0.0000000000000000e+00,,0,,
145,"0144","Masala Tea L",0,"K",1.2000000000000000e+02,0.0000000000000000e+00,0,0,0,1,"HOT BEVERAGES",,0,,0,0,0,0,0,0,,,"PCS",,0,0,0,,,,0,,0,,1.0000000000000000e+00,,0,0,0,,,,0,,-1,0,0.0000000000000000e+00,,0,,
146,"0145","Lemon Tea M",0,"K",7.0000000000000000e+01,0.0000000000000000e+00,0,0,0,1,"HOT BEVERAGES",,0,,0,0,0,0,0,0,,,"PCS",,0,0,0,,,,0,,0,,1.0000000000000000e+00,,0,0,0,,,,0,,-1,0,0.0000000000000000e+00,,0,,
147,"0146","Lemon Tea L",0,"K",1.1000000000000000e+02,0.0000000000000000e+00,0,0,0,1,"HOT BEVERAGES",,0,,0,0,0,0,0,0,,,"PCS",,0,0,0,,,,0,,0,,1.0000000000000000e+00,,0,0,0,,,,0,,-1,0,0.0000000000000000e+00,,0,,
148,"0147","Kangra Tea M",0,"K",7.5000000000000000e+01,0.0000000000000000e+00,0,0,0,1,"HOT BEVERAGES",,0,,0,0,0,0,0,0,,,"PCS",,0,0,0,,,,0,,0,,1.0000000000000000e+00,,0,0,0,,,,0,,-1,0,0.0000000000000000e+00,,0,,
149,"0148","Kangra Tea L",0,"K",1.2000000000000000e+02,0.0000000000000000e+00,0,0,0,1,"HOT BEVERAGES",,0,,0,0,0,0,0,0,,,"PCS",,0,0,0,,,,0,,0,,1.0000000000000000e+00,,0,0,0,,,,0,,-1,0,0.0000000000000000e+00,,0,,
150,"0149","Green Tea M",0,"K",7.0000000000000000e+01,0.0000000000000000e+00,0,0,0,1,"HOT BEVERAGES",,0,,0,0,0,0,0,0,,,"PCS",,0,0,0,,,,0,,0,,1.0000000000000000e+00,,0,0,0,,,,0,,-1,0,0.0000000000000000e+00,,0,,
151,"0150","Green Tea L",0,"K",1.2500000000000000e+02,0.0000000000000000e+00,0,0,0,1,"HOT BEVERAGES",,0,,0,0,0,0,0,0,,,"PCS",,0,0,0,,,,0,,0,,1.0000000000000000e+00,,0,0,0,,,,0,,-1,0,0.0000000000000000e+00,,0,,
152,"0151","Assam Tea M",0,"K",7.0000000000000000e+01,0.0000000000000000e+00,0,0,0,1,"HOT BEVERAGES",,0,,0,0,0,0,0,0,,,"PCS",,0,0,0,,,,0,,0,,1.0000000000000000e+00,,0,0,0,,,,0,,-1,0,0.0000000000000000e+00,,0,,
153,"0152","Assam Tea L",0,"K",1.3000000000000000e+02,0.0000000000000000e+00,0,0,0,1,"HOT BEVERAGES",,0,,0,0,0,0,0,0,,,"PCS",,0,0,0,,,,0,,0,,1.0000000000000000e+00,,0,0,0,,,,0,,-1,0,0.0000000000000000e+00,,0,,
154,"0153","Kashmiri Kahwa M",0,"K",6.0000000000000000e+01,0.0000000000000000e+00,0,0,0,1,"HOT BEVERAGES",,0,,0,0,0,0,0,0,,,"PCS",,0,0,0,,,,0,,0,,1.0000000000000000e+00,,0,0,0,,,,0,,-1,0,0.0000000000000000e+00,,0,,
176,"0175","Milk Shake Mango L",0,"K",2.2000000000000000e+02,0.0000000000000000e+00,1,0,0,0,"MILK SHAKES & J",,0,,0,0,0,0,0,0,,,"PCS",,0,0,0,,,,0,,0,,1.0000000000000000e+00,,0,0,0,,,,0,,-1,0,0.0000000000000000e+00,,0,,
177,"0176","Minral Water",0,"K",1.0000000000000000e+01,0.0000000000000000e+00,1,0,0,0,"MILK SHAKES & J",,0,,0,0,0,0,0,0,,,"PER",,0,0,0,,,,0,,0,,0.0000000000000000e+00,,0,0,0,,,,0,,-1,0,0.0000000000000000e+00,,0,,
178,"0177","Espresso M",0,"K",7.5000000000000000e+01,0.0000000000000000e+00,1,0,0,0,"HOT BEVERAGES",,0,,0,0,0,0,0,0,,,"PER",,0,0,0,,,,0,,0,,0.0000000000000000e+00,,0,0,0,,,,0,,-1,0,0.0000000000000000e+00,,0,,
179,"0178","Butterscotch Milkshake (M)",0,"K",1.5000000000000000e+02,0.0000000000000000e+00,0,0,0,1,"MILK SHAKES & J",,0,,0,0,0,0,0,0,,,"PER",,0,0,0,,,,0,,0,,0.0000000000000000e+00,,0,0,0,,,,0,,-1,0,0.0000000000000000e+00,,0,,
180,"0179","Chikoo Milkshake (Medium)",0,"K",1.5000000000000000e+02,0.0000000000000000e+00,0,0,0,1,"MILK SHAKES & J",,0,,0,0,0,0,0,0,,,"PER",,0,0,0,,,,0,,0,,0.0000000000000000e+00,,0,0,0,,,,0,,-1,0,0.0000000000000000e+00,,0,,
181,"0180","Butterscotch Milkshake (Large)",0,"K",2.2000000000000000e+02,0.0000000000000000e+00,0,0,0,1,"MILK SHAKES & J",,0,,0,0,0,0,0,0,,,"PER",,0,0,0,,,,0,,0,,0.0000000000000000e+00,,0,0,0,,,,0,,-1,0,0.0000000000000000e+00,,0,,
182,"0181","Milkshake Black Current (Medium)",0,"K",1.8000000000000000e+02,0.0000000000000000e+00,0,0,0,1,"MILK SHAKES & J",,0,,0,0,0,0,0,0,,,"PER",,0,0,0,,,,0,,0,,0.0000000000000000e+00,,0,0,0,,,,0,,-1,0,0.0000000000000000e+00,,0,,
183,"0182","Milkshake Black Current (Large)",0,"K",2.4000000000000000e+02,0.0000000000000000e+00,0,0,0,1,"MILK SHAKES & J",,0,,0,0,0,0,0,0,,,"PER",,0,0,0,,,,0,,0,,0.0000000000000000e+00,,0,0,0,,,,0,,-1,0,0.0000000000000000e+00,,0,,
184,"0183","Cooleberg Ginger Bottle",0,"K",1.2000000000000000e+02,0.0000000000000000e+00,0,0,0,1,"ICE SODA BLAST",,0,,0,0,0,0,0,0,,,"PER",,0,0,0,,,,0,,0,,0.0000000000000000e+00,,0,0,0,,,,0,,-1,0,0.0000000000000000e+00,,0,,
185,"0184","French Fries",0,"K",1.1000000000000000e+02,0.0000000000000000e+00,1,0,0,0,"STARTERS",,0,,0,0,0,0,0,0,,,"PER",,0,0,0,,,,0,,0,,0.0000000000000000e+00,,0,0,0,,,,0,,-1,0,0.0000000000000000e+00,,0,,
186,"0185","Potato Wedges",0,"K",1.1000000000000000e+02,0.0000000000000000e+00,0,0,0,1,"STARTERS",,0,,0,0,0,0,0,0,,,"PER",,0,0,0,,,,0,,0,,0.0000000000000000e+00,,0,0,0,,,,0,,-1,0,0.0000000000000000e+00,,0,,
94,"0093","Pesto Pasta ( Non.Veg.)",0,"K",2.5000000000000000e+02,0.0000000000000000e+00,0,0,0,1,"PASTA",,0,,0,0,0,0,0,0,,,"PCS",,0,0,0,,,,0,,0,,1.0000000000000000e+00,,0,0,0,,,,0,,-1,0,0.0000000000000000e+00,,0,,
95,"0094","Chessy White ( Veg.)",0,"K",2.0000000000000000e+02,0.0000000000000000e+00,0,0,0,1,"PASTA",,0,,0,0,0,0,0,0,,,"PCS",,0,0,0,,,,0,,0,,1.0000000000000000e+00,,0,0,0,,,,0,,-1,0,0.0000000000000000e+00,,0,,
96,"0095","Chessy White ( Non.Veg.)",0,"K",2.5000000000000000e+02,0.0000000000000000e+00,0,0,0,1,"PASTA",,0,,0,0,0,0,0,0,,,"PCS",,0,0,0,,,,0,,0,,1.0000000000000000e+00,,0,0,0,,,,0,,-1,0,0.0000000000000000e+00,,0,,
97,"0096","Mildly Pink ( Veg.)",0,"K",2.2000000000000000e+02,0.0000000000000000e+00,0,0,0,1,"PASTA",,0,,0,0,0,0,0,0,,,"PCS",,0,0,0,,,,0,,0,,1.0000000000000000e+00,,0,0,0,,,,0,,-1,0,0.0000000000000000e+00,,0,,
98,"0097","Mildly Pink Pasta (Non Veg)",0,"K",2.6000000000000000e+02,0.0000000000000000e+00,0,0,0,1,"PASTA",,0,,0,0,0,0,0,0,,,"PCS",,0,0,0,,,,0,,0,,1.0000000000000000e+00,,0,0,0,,,,0,,-1,0,0.0000000000000000e+00,,0,,
99,"0098","Strawberry Milk Shake (Medium)",0,"K",1.5000000000000000e+02,0.0000000000000000e+00,0,0,0,1,"MILK SHAKES & J",,0,,0,0,0,0,0,0,,,"PCS",,0,0,0,,,,0,,0,,1.0000000000000000e+00,,0,0,0,,,,0,,-1,0,0.0000000000000000e+00,,0,,
100,"0099","Strawberry Milk Shake (Large)",0,"K",2.2000000000000000e+02,0.0000000000000000e+00,0,0,0,1,"GRILLED SANDWIC",,0,,0,0,0,0,0,0,,,"PCS",,0,0,0,,,,0,,0,,1.0000000000000000e+00,,0,0,0,,,,0,,-1,0,0.0000000000000000e+00,,0,,
101,"0100","Milk Shake Vanilla (M)",0,"K",1.5000000000000000e+02,0.0000000000000000e+00,0,0,0,1,"MILK SHAKES & J",,1,,0,0,0,0,0,0,,,"PCS",,0,0,0,,,,0,,0,,1.0000000000000000e+00,,0,0,0,,,,0,,-1,0,0.0000000000000000e+00,,0,,
102,"0101","Milk Shake Vanilla (L)",0,"K",2.2000000000000000e+02,0.0000000000000000e+00,0,0,0,1,"MILK SHAKES & J",,1,,0,0,0,0,0,0,,,"PCS",,0,0,0,,,,0,,0,,1.0000000000000000e+00,,0,0,0,,,,0,,-1,0,0.0000000000000000e+00,,0,,
103,"0102","Milk Shake Butterscotch (Medium)",0,"K",1.5000000000000000e+02,0.0000000000000000e+00,0,0,0,1,"MILK SHAKES & J",,0,,0,0,0,0,0,0,,,"PCS",,0,0,0,,,,0,,0,,1.0000000000000000e+00,,0,0,0,,,,0,,-1,0,0.0000000000000000e+00,,0,,
104,"0103","Milk Shake Butterscotch (Large)",0,"K",2.2000000000000000e+02,0.0000000000000000e+00,0,0,0,1,"MILK SHAKES & J",,0,,0,0,0,0,0,0,,,"PCS",,0,0,0,,,,0,,0,,1.0000000000000000e+00,,0,0,0,,,,0,,-1,0,0.0000000000000000e+00,,0,,
105,"0104","Milk Shake Chocolate (Medium)",0,"K",1.5000000000000000e+02,0.0000000000000000e+00,0,0,0,1,"MILK SHAKES & J",,0,,0,0,0,0,0,0,,,"PCS",,0,0,0,,,,0,,0,,1.0000000000000000e+00,,0,0,0,,,,0,,-1,0,0.0000000000000000e+00,,0,,
106,"0105","Milk Shake Chocolate (Large)",0,"K",2.2000000000000000e+02,0.0000000000000000e+00,0,0,0,1,"MILK SHAKES & J",,0,,0,0,0,0,0,0,,,"PCS",,0,0,0,,,,0,,0,,1.0000000000000000e+00,,0,0,0,,,,0,,-1,0,0.0000000000000000e+00,,0,,
107,"0106","Oreo Cookie Shake ( Medium)",0,"K",1.8000000000000000e+02,0.0000000000000000e+00,0,0,0,1,"MILK SHAKES & J",,0,,0,0,0,0,0,0,,,"PCS",,0,0,0,,,,0,,0,,1.0000000000000000e+00,,0,0,0,,,,0,,-1,0,0.0000000000000000e+00,,0,,
108,"0107","Oreo Cookie Shake ( Large)",0,"K",2.4000000000000000e+02,0.0000000000000000e+00,0,0,0,1,"MILK SHAKES & J",,0,,0,0,0,0,0,0,,,"PCS",,0,0,0,,,,0,,0,,1.0000000000000000e+00,,0,0,0,,,,0,,-1,0,0.0000000000000000e+00,,0,,
109,"0108","Brownie Shake ( Medium)",0,"K",1.9000000000000000e+02,0.0000000000000000e+00,0,0,0,1,"MILK SHAKES & J",,0,,0,0,0,0,0,0,,,"PCS",,0,0,0,,,,0,,0,,1.0000000000000000e+00,,0,0,0,,,,0,,-1,0,0.0000000000000000e+00,,0,,
110,"0109","Brownie Shake ( Large)",0,"K",2.5000000000000000e+02,0.0000000000000000e+00,0,0,0,1,"MILK SHAKES & J",,0,,0,0,0,0,0,0,,,"PCS",,0,0,0,,,,0,,0,,1.0000000000000000e+00,,0,0,0,,,,0,,-1,0,0.0000000000000000e+00,,0,,
111,"0110","Hazelnut Chocolate Shake ( Medium)",0,"K",2.1000000000000000e+02,0.0000000000000000e+00,0,0,0,1,"MILK SHAKES & J",,0,,0,0,0,0,0,0,,,"PCS",,0,0,0,,,,0,,0,,1.0000000000000000e+00,,0,0,0,,,,0,,-1,0,0.0000000000000000e+00,,0,,
112,"0111","Hazelnut Chocolate Shake ( Large)",0,"K",2.6000000000000000e+02,0.0000000000000000e+00,0,0,0,1,"MILK SHAKES & J",,0,,0,0,0,0,0,0,,,"PCS",,0,0,0,,,,0,,0,,1.0000000000000000e+00,,0,0,0,,,,0,,-1,0,0.0000000000000000e+00,,0,,
113,"0112","Nutella Milk Shake (Medium)",0,"K",2.2000000000000000e+02,0.0000000000000000e+00,0,0,0,1,"MILK SHAKES & J",,0,,0,0,0,0,0,0,,,"PCS",,0,0,0,,,,0,,0,,1.0000000000000000e+00,,0,0,0,,,,0,,-1,0,0.0000000000000000e+00,,0,,
155,"0154","Kashmiri Kahwa L",0,"K",1.2000000000000000e+02,0.0000000000000000e+00,0,0,0,1,"HOT BEVERAGES",,0,,0,0,0,0,0,0,,,"PCS",,0,0,0,,,,0,,0,,1.0000000000000000e+00,,0,0,0,,,,0,,-1,0,0.0000000000000000e+00,,0,,
156,"0155","Chocolate Brownie Wheat",0,"K",1.2000000000000000e+02,0.0000000000000000e+00,0,0,0,1,"DESSERTS",,0,,0,0,0,0,0,0,,,"PCS",,0,0,0,,,,0,,0,,1.0000000000000000e+00,,0,0,0,,,,0,,-1,0,0.0000000000000000e+00,,0,,
157,"0156","Mud Cake",0,"K",1.3000000000000000e+02,0.0000000000000000e+00,0,0,0,1,"DESSERTS",,0,,0,0,0,0,0,0,,,"PCS",,0,0,0,,,,0,,0,,1.0000000000000000e+00,,0,0,0,,,,0,,-1,0,0.0000000000000000e+00,,0,,
158,"0157","Choco Lava Cake",0,"K",1.1000000000000000e+02,0.0000000000000000e+00,0,0,0,1,"DESSERTS",,0,,0,0,0,0,0,0,,,"PCS",,0,0,0,,,,0,,0,,1.0000000000000000e+00,,0,0,0,,,,0,,-1,0,0.0000000000000000e+00,,0,,
159,"0158","Oreo Pastry",0,"K",1.1000000000000000e+02,0.0000000000000000e+00,0,0,0,1,"DESSERTS",,0,,0,0,0,0,0,0,,,"PCS",,0,0,0,,,,0,,0,,1.0000000000000000e+00,,0,0,0,,,,0,,-1,0,0.0000000000000000e+00,,0,,
160,"0159","Rich Chocolate Truffle",0,"K",1.2000000000000000e+02,0.0000000000000000e+00,0,0,0,1,"DESSERTS",,0,,0,0,0,0,0,0,,,"PCS",,0,0,0,,,,0,,0,,1.0000000000000000e+00,,0,0,0,,,,0,,-1,0,0.0000000000000000e+00,,0,,
161,"0160","New York Cheese Cake",0,"K",1.6000000000000000e+02,0.0000000000000000e+00,0,0,0,1,"DESSERTS",,0,,0,0,0,0,0,0,,,"PCS",,0,0,0,,,,0,,0,,1.0000000000000000e+00,,0,0,0,,,,0,,-1,0,0.0000000000000000e+00,,0,,
162,"0161","Chocolate Vanilla Waffle",0,"K",1.2000000000000000e+02,0.0000000000000000e+00,1,0,0,1,"WAFFLES",,0,,0,0,0,0,0,0,,,"PCS",,0,0,0,,,,0,,0,,1.0000000000000000e+00,,0,0,0,,,,0,,-1,0,0.0000000000000000e+00,,0,,
163,"0162","Chocolate Brownie Waffle",0,"K",1.6000000000000000e+02,0.0000000000000000e+00,0,0,0,1,"WAFFLES",,0,,0,0,0,0,0,0,,,"PCS",,0,0,0,,,,0,,0,,1.0000000000000000e+00,,0,0,0,,,,0,,-1,0,0.0000000000000000e+00,,0,,
164,"0163","Brownie.Nutella & Ice Cream",0,"K",2.2000000000000000e+02,0.0000000000000000e+00,0,0,0,1,"WAFFLES",,0,,0,0,0,0,0,0,,,"PCS",,0,0,0,,,,0,,0,,1.0000000000000000e+00,,0,0,0,,,,0,,-1,0,0.0000000000000000e+00,,0,,
165,"0164","Muffins",0,"K",4.0000000000000000e+01,0.0000000000000000e+00,0,0,0,1,"GLUTEN FREE TRE",,0,,0,0,0,0,0,0,,,"PCS",,0,0,0,,,,0,,0,,1.0000000000000000e+00,,0,0,0,,,,0,,-1,0,0.0000000000000000e+00,,0,,
166,"0165","Cupcakes",0,"K",5.0000000000000000e+01,0.0000000000000000e+00,0,0,0,1,"GLUTEN FREE TRE",,0,,0,0,0,0,0,0,,,"PCS",,0,0,0,,,,0,,0,,1.0000000000000000e+00,,0,0,0,,,,0,,-1,0,0.0000000000000000e+00,,0,,
167,"0166","Banana Chocolate Dry Cake",0,"K",2.5000000000000000e+02,0.0000000000000000e+00,0,0,0,1,"GLUTEN FREE TRE",,0,,0,0,0,0,0,0,,,"PCS",,0,0,0,,,,0,,0,,1.0000000000000000e+00,,0,0,0,,,,0,,-1,0,0.0000000000000000e+00,,0,,
168,"0167","Chocolate Dry Cake",0,"K",2.5000000000000000e+02,0.0000000000000000e+00,0,0,0,1,"GLUTEN FREE TRE",,0,,0,0,0,0,0,0,,,"PCS",,0,0,0,,,,0,,0,,1.0000000000000000e+00,,0,0,0,,,,0,,-1,0,0.0000000000000000e+00,,0,,
169,"0168","Tutti Frutti Dry Cake",0,"K",2.5000000000000000e+02,0.0000000000000000e+00,0,0,0,1,"GLUTEN FREE TRE",,0,,0,0,0,0,0,0,,,"PCS",,0,0,0,,,,0,,0,,1.0000000000000000e+00,,0,0,0,,,,0,,-1,0,0.0000000000000000e+00,,0,,
170,"0169","Marble  Dry Cake",0,"K",2.5000000000000000e+02,0.0000000000000000e+00,0,0,0,1,"GLUTEN FREE TRE",,0,,0,0,0,0,0,0,,,"PCS",,0,0,0,,,,0,,0,,1.0000000000000000e+00,,0,0,0,,,,0,,-1,0,0.0000000000000000e+00,,0,,
171,"0170","Orannge Almond Cake",0,"K",2.8000000000000000e+02,0.0000000000000000e+00,0,0,0,1,"GLUTEN FREE TRE",,0,,0,0,0,0,0,0,,,"PCS",,0,0,0,,,,0,,0,,1.0000000000000000e+00,,0,0,0,,,,0,,-1,0,0.0000000000000000e+00,,0,,
172,"0171","Brownie Gluten Free",0,"K",6.0000000000000000e+01,0.0000000000000000e+00,0,0,0,1,"GLUTEN FREE TRE",,0,,0,0,0,0,0,0,,,"PCS",,0,0,0,,,,0,,0,,1.0000000000000000e+00,,0,0,0,,,,0,,-1,0,0.0000000000000000e+00,,0,,
173,"0172","Chocolate Icing Cake",0,"K",6.0000000000000000e+02,0.0000000000000000e+00,0,0,0,1,"GLUTEN FREE TRE",,0,,0,0,0,0,0,0,,,"PCS",,0,0,0,,,,0,,0,,1.0000000000000000e+00,,0,0,0,,,,0,,-1,0,0.0000000000000000e+00,,0,,
174,"0173","Pineapple Icing Cake",0,"K",5.0000000000000000e+02,0.0000000000000000e+00,0,0,0,1,"GLUTEN FREE TRE",,0,,0,0,0,0,0,0,,,"PCS",,0,0,0,,,,0,,0,,1.0000000000000000e+00,,0,0,0,,,,0,,-1,0,0.0000000000000000e+00,,0,,
175,"0174","Milk Shake Mango",0,"K",1.5000000000000000e+02,0.0000000000000000e+00,1,0,0,0,"MILK SHAKES & J",,0,,0,0,0,0,0,0,,,"PCS",,0,0,0,,,,0,,0,,1.0000000000000000e+00,,0,0,0,,,,0,,-1,0,0.0000000000000000e+00,,0,,
114,"0113","Nutella Milk Shake (Large)",0,"K",2.7000000000000000e+02,0.0000000000000000e+00,0,0,0,1,"MILK SHAKES & J",,0,,0,0,0,0,0,0,,,"PCS",,0,0,0,,,,0,,0,,1.0000000000000000e+00,,0,0,0,,,,0,,-1,0,0.0000000000000000e+00,,0,,
115,"115","Mutton Pizza Small",0,"K",3.5000000000000000e+02,0.0000000000000000e+00,0,0,0,1,"PIZZAS",,0,,0,0,0,0,0,0,,,"PCS",,0,0,0,,,,0,,0,,1.0000000000000000e+00,,0,0,0,,,,0,,-1,0,0.0000000000000000e+00,,0,,
116,"0115","Mutton Pizza Large",0,"K",4.1000000000000000e+02,0.0000000000000000e+00,0,0,0,1,"PIZZAS",,0,,0,0,0,0,0,0,,,"PCS",,0,0,0,,,,0,,0,,1.0000000000000000e+00,,0,0,0,,,,0,,-1,0,0.0000000000000000e+00,,0,,
117,"0116","Ice Soda Blast Strawberry Small",0,"K",1.4000000000000000e+02,0.0000000000000000e+00,1,0,0,1,"ICE SODA BLAST",,0,,0,0,0,0,0,0,,,"PCS",,0,0,0,,,,0,,0,,1.0000000000000000e+00,,0,0,0,,,,0,,-1,0,0.0000000000000000e+00,,0,,
118,"0117","Ice Soda Blast Strawberry Large",0,"K",2.1000000000000000e+02,0.0000000000000000e+00,0,0,0,1,"ICE SODA BLAST",,0,,0,0,0,0,0,0,,,"PCS",,0,0,0,,,,0,,0,,1.0000000000000000e+00,,0,0,0,,,,0,,-1,0,0.0000000000000000e+00,,0,,
119,"0118","Ice Soda Blast Black Current M",0,"K",1.8000000000000000e+02,0.0000000000000000e+00,1,0,0,1,"ICE SODA BLAST",,0,,0,0,0,0,0,0,,,"PCS",,0,0,0,,,,0,,0,,1.0000000000000000e+00,,0,0,0,,,,0,,-1,0,0.0000000000000000e+00,,0,,
120,"0119","Ice Soda Blast Black Current L",0,"K",2.4000000000000000e+02,0.0000000000000000e+00,0,0,0,1,"ICE SODA BLAST",,0,,0,0,0,0,0,0,,,"PCS",,0,0,0,,,,0,,0,,1.0000000000000000e+00,,0,0,0,,,,0,,-1,0,0.0000000000000000e+00,,0,,
121,"0120","Ice Soda Blast Mango Chillers M",0,"K",1.4000000000000000e+02,0.0000000000000000e+00,0,0,0,1,"ICE SODA BLAST",,0,,0,0,0,0,0,0,,,"PCS",,0,0,0,,,,0,,0,,1.0000000000000000e+00,,0,0,0,,,,0,,-1,0,0.0000000000000000e+00,,0,,
122,"0121","Ice Soda Blast Mango Chillers L",0,"K",2.1000000000000000e+02,0.0000000000000000e+00,1,0,0,1,"ICE SODA BLAST",,0,,0,0,0,0,0,0,,,"PCS",,0,0,0,,,,0,,0,,1.0000000000000000e+00,,0,0,0,,,,0,,-1,0,0.0000000000000000e+00,,0,,
123,"0122","Icy Soda Blast Mint M",0,"K",1.4000000000000000e+02,0.0000000000000000e+00,1,0,0,1,"ICE SODA BLAST",,0,,0,0,0,0,0,0,,,"PCS",,0,0,0,,,,0,,0,,1.0000000000000000e+00,,0,0,0,,,,0,,-1,0,0.0000000000000000e+00,,0,,
124,"0123","Coolberg Mint Bottle",0,"K",1.2000000000000000e+02,0.0000000000000000e+00,0,0,0,1,"ICE SODA BLAST",,0,,0,0,0,0,0,0,,,"PCS",,0,0,0,,,,0,,0,,1.0000000000000000e+00,,0,0,0,,,,0,,-1,0,0.0000000000000000e+00,,0,,
125,"0124","Icy Soda Blast Peach M",0,"K",1.4000000000000000e+02,0.0000000000000000e+00,0,0,0,1,"ICE SODA BLAST",,0,,0,0,0,0,0,0,,,"PCS",,0,0,0,,,,0,,0,,1.0000000000000000e+00,,0,0,0,,,,0,,-1,0,0.0000000000000000e+00,,0,,
126,"0125","Icy Soda Blast Peach L",0,"K",2.1000000000000000e+02,0.0000000000000000e+00,0,0,0,1,"ICE SODA BLAST",,0,,0,0,0,0,0,0,,,"PCS",,0,0,0,,,,0,,0,,1.0000000000000000e+00,,0,0,0,,,,0,,-1,0,0.0000000000000000e+00,,0,,
127,"0126","Coolberg Ginger",0,"K",1.2000000000000000e+02,0.0000000000000000e+00,1,0,0,1,"ICE SODA BLAST",,0,,0,0,0,0,0,0,,,"PCS",,0,0,0,,,,0,,0,,1.0000000000000000e+00,,0,0,0,,,,0,,-1,0,0.0000000000000000e+00,,0,,
128,"0127","Cold Coffee M",0,"K",1.4000000000000000e+02,0.0000000000000000e+00,0,0,0,1,"ICE SODA BLAST",,0,,0,0,0,0,0,0,,,"PCS",,0,0,0,,,,0,,0,,1.0000000000000000e+00,,0,0,0,,,,0,,-1,0,0.0000000000000000e+00,,0,,
129,"0128","Cold Coffee L",0,"K",2.2000000000000000e+02,0.0000000000000000e+00,0,0,0,1,"ICE SODA BLAST",,0,,0,0,0,0,0,0,,,"PCS",,0,0,0,,,,0,,0,,1.0000000000000000e+00,,0,0,0,,,,0,,-1,0,0.0000000000000000e+00,,0,,
130,"0129","Cold Coffee With Ice Cream M",0,"K",1.8000000000000000e+02,0.0000000000000000e+00,0,0,0,1,"ICE SODA BLAST",,0,,0,0,0,0,0,0,,,"PCS",,0,0,0,,,,0,,0,,1.0000000000000000e+00,,0,0,0,,,,0,,-1,0,0.0000000000000000e+00,,0,,
131,"0130","Cold Coffee With Ice Cream L",0,"K",2.4000000000000000e+02,0.0000000000000000e+00,0,0,0,1,"ICE SODA BLAST",,0,,0,0,0,0,0,0,,,"PCS",,0,0,0,,,,0,,0,,1.0000000000000000e+00,,0,0,0,,,,0,,-1,0,0.0000000000000000e+00,,0,,
132,"0131","Fresh Lime Soda M",0,"K",9.0000000000000000e+01,0.0000000000000000e+00,0,0,0,1,"ICE SODA BLAST",,0,,0,0,0,0,0,0,,,"PCS",,0,0,0,,,,0,,0,,1.0000000000000000e+00,,0,0,0,,,,0,,-1,0,0.0000000000000000e+00,,0,,
133,"0132","Fresh Lime Soda L",0,"K",1.6000000000000000e+02,0.0000000000000000e+00,0,0,0,1,"ICE SODA BLAST",,0,,0,0,0,0,0,0,,,"PCS",,0,0,0,,,,0,,0,,1.0000000000000000e+00,,0,0,0,,,,0,,-1,0,0.0000000000000000e+00,,0,,
187,"0186","Baby Corn Chat",0,"K",9.0000000000000000e+01,0.0000000000000000e+00,0,0,0,0,"HOT BEVERAGES",,0,,0,0,0,0,0,0,,,"PCS",,0,0,0,,,,0,,0,,1.0000000000000000e+00,,0,0,0,,,,0,,-1,0,0.0000000000000000e+00,,0,,
188,"0187","Vegetable Omelette",0,"K",8.0000000000000000e+01,0.0000000000000000e+00,0,0,0,0,"GRILLED SANDWIC",,0,,0,0,0,0,0,0,,,"PER",,0,0,0,,,,0,,0,,0.0000000000000000e+00,,0,0,0,,,,0,,-1,0,0.0000000000000000e+00,,0,,
189,"0188","Bread Omelette",0,"K",1.1000000000000000e+02,0.0000000000000000e+00,0,0,0,0,"GRILLED SANDWIC",,0,,0,0,0,0,0,0,,,"PER",,0,0,0,,,,0,,0,,0.0000000000000000e+00,,0,0,0,,,,0,,-1,0,0.0000000000000000e+00,,0,,
190,"0189","Soda Cans",0,"K",6.0000000000000000e+01,0.0000000000000000e+00,0,0,0,0,"ICE SODA BLAST",,0,,0,0,0,0,0,0,,,"PER",,0,0,0,,,,0,,0,,0.0000000000000000e+00,,0,0,0,,,,0,,-1,0,0.0000000000000000e+00,,0,,
191,"0190","Diet Cans",0,"K",8.0000000000000000e+01,0.0000000000000000e+00,0,0,0,0,"ICE SODA BLAST",,0,,0,0,0,0,0,0,,,"PER",,0,0,0,,,,0,,0,,0.0000000000000000e+00,,0,0,0,,,,0,,-1,0,0.0000000000000000e+00,,0,,
192,"0191","Butter Tost",0,"K",1.1000000000000000e+02,0.0000000000000000e+00,0,0,0,0,"GRILLED SANDWIC",,0,,0,0,0,0,0,0,,,"PER",,0,0,0,,,,0,,0,,0.0000000000000000e+00,,0,0,0,,,,0,,-1,0,0.0000000000000000e+00,,0,,
193,"0192","Veg Sandwiches",0,"K",1.5000000000000000e+02,0.0000000000000000e+00,0,0,0,0,"GRILLED SANDWIC",,0,,0,0,0,0,0,0,,,"PER",,0,0,0,,,,0,,0,,0.0000000000000000e+00,,0,0,0,,,,0,,-1,0,0.0000000000000000e+00,,0,,
194,"0193","Water",0,"K",2.5000000000000000e+01,0.0000000000000000e+00,0,0,0,0,"HOT BEVERAGES",,0,,0,0,0,0,0,0,,,"PER",,0,0,0,,,,0,,0,,0.0000000000000000e+00,,0,0,0,,,,0,,-1,0,0.0000000000000000e+00,,0,,
195,"0194","Kadak Chai M",0,"K",7.0000000000000000e+01,0.0000000000000000e+00,0,0,0,0,"HOT BEVERAGES",,0,,0,0,0,0,0,0,,,"PER",,0,0,0,,,,0,,0,,0.0000000000000000e+00,,0,0,0,,,,0,,-1,0,0.0000000000000000e+00,,0,,
196,"0195","Kadak Chai L",0,"K",1.1000000000000000e+02,0.0000000000000000e+00,0,0,0,0,"HOT BEVERAGES",,0,,0,0,0,0,0,0,,,"PER",,0,0,0,,,,0,,0,,0.0000000000000000e+00,,0,0,0,,,,0,,-1,0,0.0000000000000000e+00,,0,,
197,"197","Capsicum & Onion Pizza M",0,"K",2.5000000000000000e+02,0.0000000000000000e+00,0,0,0,0,"PIZZAS",,0,,0,0,0,0,0,0,,,"PER",,0,0,0,,,,0,,0,,0.0000000000000000e+00,,0,0,0,,,,0,,-1,0,0.0000000000000000e+00,,0,,
198,"0197","Capsicum & Onion Pizza L",0,"K",3.8000000000000000e+02,0.0000000000000000e+00,0,0,0,0,"PIZZAS",,0,,0,0,0,0,0,0,,,"PER",,0,0,0,,,,0,,0,,0.0000000000000000e+00,,0,0,0,,,,0,,-1,0,0.0000000000000000e+00,,0,,
199,"0198","Hot Chokleet M",0,"K",1.4000000000000000e+02,0.0000000000000000e+00,0,0,0,0,"HOT BEVERAGES",,0,,0,0,0,0,0,0,,,"PER",,0,0,0,,,,0,,0,,0.0000000000000000e+00,,0,0,0,,,,0,,-1,0,0.0000000000000000e+00,,0,,
200,"0199","Hot Chocolate L",0,"K",2.1000000000000000e+02,0.0000000000000000e+00,0,0,0,0,"HOT BEVERAGES",,0,,0,0,0,0,0,0,,,"PER",,0,0,0,,,,0,,0,,0.0000000000000000e+00,,0,0,0,,,,0,,-1,0,0.0000000000000000e+00,,0,,
201,"0200","Coffi M",0,"K",8.0000000000000000e+01,0.0000000000000000e+00,0,0,0,0,"HOT BEVERAGES",,0,,0,0,0,0,0,0,,,"PER",,0,0,0,,,,0,,0,,0.0000000000000000e+00,,0,0,0,,,,0,,-1,0,0.0000000000000000e+00,,0,,
202,"0201","Coffi  L",0,"K",1.2000000000000000e+02,0.0000000000000000e+00,0,0,0,0,"HOT BEVERAGES",,0,,0,0,0,0,0,0,,,"PER",,0,0,0,,,,0,,0,,0.0000000000000000e+00,,0,0,0,,,,0,,-1,0,0.0000000000000000e+00,,0,,
203,"0202","Ginger Tea M",0,"K",7.5000000000000000e+01,0.0000000000000000e+00,0,0,0,0,"HOT BEVERAGES",,0,,0,0,0,0,0,0,,,"PER",,0,0,0,,,,0,,0,,0.0000000000000000e+00,,0,0,0,,,,0,,-1,0,0.0000000000000000e+00,,0,,
204,"0203","Ginger Tea L",0,"K",1.3000000000000000e+02,0.0000000000000000e+00,0,0,0,0,"HOT BEVERAGES",,0,,0,0,0,0,0,0,,,"PER",,0,0,0,,,,0,,0,,0.0000000000000000e+00,,0,0,0,,,,0,,-1,0,0.0000000000000000e+00,,0,,
205,"0204","Rice Plan H",0,"K",1.1000000000000000e+02,0.0000000000000000e+00,0,0,0,0,"STARTERS",,0,,0,0,0,0,0,0,,,"PER",,0,0,0,,,,0,,0,,0.0000000000000000e+00,,0,0,0,,,,0,,-1,0,0.0000000000000000e+00,,0,,
206,"0205","Rice Plan F",0,"K",1.8000000000000000e+02,0.0000000000000000e+00,0,0,0,0,"STARTERS",,0,,0,0,0,0,0,0,,,"PER",,0,0,0,,,,0,,0,,0.0000000000000000e+00,,0,0,0,,,,0,,-1,0,0.0000000000000000e+00,,0,,
207,"0206","Chilly Chicken H",0,"K",3.2000000000000000e+02,0.0000000000000000e+00,0,0,0,1,"STARTERS",,0,,0,0,0,0,0,0,,,"PER",,0,0,0,,,,0,,0,,0.0000000000000000e+00,,0,0,0,,,,0,,-1,0,0.0000000000000000e+00,,0,,
208,"0207","Chilly Chicken F",0,"K",4.4000000000000000e+02,0.0000000000000000e+00,0,0,0,1,"STARTERS",,0,,0,0,0,0,0,0,,,"PER",,0,0,0,,,,0,,0,,0.0000000000000000e+00,,0,0,0,,,,0,,-1,0,0.0000000000000000e+00,,0,,
209,"0208","Tulsi Green Tea M",0,"K",7.0000000000000000e+01,0.0000000000000000e+00,0,0,0,0,"HOT BEVERAGES",,0,,0,0,0,0,0,0,,,"PER",,0,0,0,,,,0,,0,,0.0000000000000000e+00,,0,0,0,,,,0,,-1,0,0.0000000000000000e+00,,0,,
210,"0209","Tulsi Green Tea L",0,"K",1.1000000000000000e+02,0.0000000000000000e+00,0,0,0,0,"HOT BEVERAGES",,0,,0,0,0,0,0,0,,,"PER",,0,0,0,,,,0,,0,,0.0000000000000000e+00,,0,0,0,,,,0,,-1,0,0.0000000000000000e+00,,0,,
211,"0210","Masala Tea M",0,"K",6.0000000000000000e+01,0.0000000000000000e+00,0,0,0,0,"HOT BEVERAGES",,0,,0,0,0,0,0,0,,,"PER",,0,0,0,,,,0,,0,,0.0000000000000000e+00,,0,0,0,,,,0,,-1,0,0.0000000000000000e+00,,0,,
212,"0211","Banana Walnut",0,"K",4.5000000000000000e+01,0.0000000000000000e+00,0,0,0,0,"DESSERTS",,0,,0,0,0,0,0,0,,,"PER",,0,0,0,,,,0,,0,,0.0000000000000000e+00,,0,0,0,,,,0,,-1,0,0.0000000000000000e+00,,0,,
213,"213","Choco Chip",0,"K",3.0000000000000000e+01,0.0000000000000000e+00,0,0,0,0,"DESSERTS",,0,,0,0,0,0,0,0,,,"PER",,0,0,0,,,,0,,0,,0.0000000000000000e+00,,0,0,0,,,,0,,-1,0,0.0000000000000000e+00,,0,,
214,"0213","Marble Cake",0,"K",2.5000000000000000e+01,0.0000000000000000e+00,0,0,0,0,"DESSERTS",,0,,0,0,0,0,0,0,,,"PER",,0,0,0,,,,0,,0,,0.0000000000000000e+00,,0,0,0,,,,0,,-1,0,0.0000000000000000e+00,,0,,
215,"0214","Fried Rice Chicken",0,"K",2.7000000000000000e+02,0.0000000000000000e+00,0,0,0,0,"ADDONS",,0,,0,0,0,0,0,0,,,"PER",,0,0,0,,,,0,,0,,0.0000000000000000e+00,,0,0,0,,,,0,,-1,0,0.0000000000000000e+00,,0,,
216,"0215","Cheese Sandwich",0,"K",1.5000000000000000e+02,5.0000000000000000e+00,0,0,0,0,"GRILLED SANDWIC",,0,,0,0,0,0,0,0,,,"PER",,0,0,0,,,,0,,0,,0.0000000000000000e+00,,0,0,0,,,,0,,-1,0,0.0000000000000000e+00,,0,,
217,"0216","Chilli Chicken Full",0,"K",4.4000000000000000e+02,0.0000000000000000e+00,0,0,0,1,"PIZZAS",,0,,0,0,0,0,0,0,,,"PER",,0,0,0,,,,0,,0,,0.0000000000000000e+00,,0,0,0,,,,0,,-1,0,0.0000000000000000e+00,,0,,
218,"0217","Water L",0,"K",2.5000000000000000e+01,0.0000000000000000e+00,0,0,0,0,"HOT BEVERAGES",,0,,0,0,0,0,0,0,,,"PER",,0,0,0,,,,0,,0,,0.0000000000000000e+00,,0,0,0,,,,0,,-1,0,0.0000000000000000e+00,,0,,
219,"0218","Muffins",0,"K",2.5000000000000000e+01,0.0000000000000000e+00,0,0,0,0,"WAFFLES",,0,,0,0,0,0,0,0,,,"PER",,0,0,0,,,,0,,0,,0.0000000000000000e+00,,0,0,0,,,,0,,-1,0,0.0000000000000000e+00,,0,,
220,"0219","Black Coffee",0,"K",6.0000000000000000e+01,5.0000000000000000e+00,0,0,0,0,"MILK SHAKES & J",,0,,0,0,0,0,0,0,,,"PER",,0,0,0,,,,0,,0,,0.0000000000000000e+00,,0,0,0,,,,0,,-1,0,0.0000000000000000e+00,,0,,
221,"0220","Red  Velvet",0,"K",1.1000000000000000e+02,0.0000000000000000e+00,0,0,0,0,"DESSERTS",,0,,0,0,0,0,0,0,,,"PER",,0,0,0,,,,0,,0,,0.0000000000000000e+00,,0,0,0,,,,0,,-1,0,0.0000000000000000e+00,,0,,
222,"0221","Iced Americano Coffee M",0,"K",1.6000000000000000e+02,0.0000000000000000e+00,0,0,0,0,"ICE SODA BLAST",,0,,0,0,0,0,0,0,,,"PER",,0,0,0,,,,0,,0,,0.0000000000000000e+00,,0,0,0,,,,0,,-1,0,0.0000000000000000e+00,,0,,
223,"0222","Iced Americano Coffee L",0,"K",2.2000000000000000e+02,0.0000000000000000e+00,0,0,0,0,"ICE SODA BLAST",,0,,0,0,0,0,0,0,,,"PER",,0,0,0,,,,0,,0,,0.0000000000000000e+00,,0,0,0,,,,0,,-1,0,0.0000000000000000e+00,,0,,
224,"0223","Cheesy White Veg",0,"K",2.0000000000000000e+02,0.0000000000000000e+00,0,0,0,0,"PASTA",,0,,0,0,0,0,0,0,,,"PER",,0,0,0,,,,0,,0,,0.0000000000000000e+00,,0,0,0,,,,0,,-1,0,0.0000000000000000e+00,,0,,
225,"0224","Cheesy White Non Veg",0,"K",2.5000000000000000e+02,0.0000000000000000e+00,0,0,0,0,"PASTA",,0,,0,0,0,0,0,0,,,"PER",,0,0,0,,,,0,,0,,0.0000000000000000e+00,,0,0,0,,,,0,,-1,0,0.0000000000000000e+00,,0,,
226,"0225","Blue Berry M",0,"K",1.8000000000000000e+02,0.0000000000000000e+00,0,0,0,0,"ICE SODA BLAST",,0,,0,0,0,0,0,0,,,"PER",,0,0,0,,,,0,,0,,0.0000000000000000e+00,,0,0,0,,,,0,,-1,0,0.0000000000000000e+00,,0,,
227,"0226","Blue Berry L",0,"K",2.4000000000000000e+02,0.0000000000000000e+00,0,0,0,0,"ICE SODA BLAST",,0,,0,0,0,0,0,0,,,"PER",,0,0,0,,,,0,,0,,0.0000000000000000e+00,,0,0,0,,,,0,,-1,0,0.0000000000000000e+00,,0,,
228,"0227","Kadai Chicken Half",0,"K",3.2000000000000000e+02,0.0000000000000000e+00,0,0,0,0,"PASTA",,0,,0,0,0,0,0,0,,,"PER",,0,0,0,,,,0,,0,,0.0000000000000000e+00,,0,0,0,,,,0,,-1,0,0.0000000000000000e+00,,0,,
229,"0228","Manchurian Veg",0,"K",3.4000000000000000e+02,0.0000000000000000e+00,0,0,0,1,"PASTA",,0,,0,0,0,0,0,0,,,"PER",,0,0,0,,,,0,,0,,0.0000000000000000e+00,,0,0,0,,,,0,,-1,0,0.0000000000000000e+00,,0,,
230,"0229","Butter Roti",0,"K",2.5000000000000000e+01,5.0000000000000000e+00,0,0,0,0,"BURGERS & HOT D",,0,,0,0,0,0,0,0,,,"PER",,0,0,0,,,,0,,0,,0.0000000000000000e+00,,0,0,0,,,,0,,-1,0,0.0000000000000000e+00,,0,,
231,"0230","Salad",0,"K",1.2000000000000000e+02,0.0000000000000000e+00,0,0,0,0,"GRILLED SANDWIC",,0,,0,0,0,0,0,0,,,"PER",,0,0,0,,,,0,,0,,0.0000000000000000e+00,,0,0,0,,,,0,,-1,0,0.0000000000000000e+00,,0,,
232,"0231","Kadai Chicken Full",0,"K",4.4000000000000000e+02,0.0000000000000000e+00,0,0,0,0,"GRILLED SANDWIC",,0,,0,0,0,0,0,0,,,"PER",,0,0,0,,,,0,,0,,0.0000000000000000e+00,,0,0,0,,,,0,,-1,0,0.0000000000000000e+00,,0,,
233,"0232","Hot Milk",0,"K",8.0000000000000000e+01,0.0000000000000000e+00,0,0,0,0,"HOT BEVERAGES",,0,,0,0,0,0,0,0,,,"PER",,0,0,0,,,,0,,0,,0.0000000000000000e+00,,0,0,0,,,,0,,-1,0,0.0000000000000000e+00,,0,,
234,"0233","Masala Chicken",0,"K",2.5000000000000000e+02,0.0000000000000000e+00,0,0,0,0,"BURGERS & HOT D",,0,,0,0,0,0,0,0,,,"PER",,0,0,0,,,,0,,0,,0.0000000000000000e+00,,0,0,0,,,,0,,-1,0,0.0000000000000000e+00,,0,,
235,"0234","Rice",0,"K",1.2000000000000000e+02,0.0000000000000000e+00,0,0,0,0,"BURGERS & HOT D",,0,,0,0,0,0,0,0,,,"PER",,0,0,0,,,,0,,0,,0.0000000000000000e+00,,0,0,0,,,,0,,-1,0,0.0000000000000000e+00,,0,,
236,"0235","Roti",0,"K",2.0000000000000000e+01,0.0000000000000000e+00,0,0,0,0,"BURGERS & HOT D",,0,,0,0,0,0,0,0,,,"PER",,0,0,0,,,,0,,0,,0.0000000000000000e+00,,0,0,0,,,,0,,-1,0,0.0000000000000000e+00,,0,,
237,"0236","Coffee",0,"K",6.0000000000000000e+01,0.0000000000000000e+00,0,0,0,0,"HOT BEVERAGES",,0,,0,0,0,0,0,0,,,"PER",,0,0,0,,,,0,,0,,0.0000000000000000e+00,,0,0,0,,,,0,,-1,0,0.0000000000000000e+00,,0,,
238,"0237","Chilli Mushroom",0,"K",2.2000000000000000e+02,0.0000000000000000e+00,0,0,0,1,"BURGERS & HOT D",,0,,0,0,0,0,0,0,,,"PER",,0,0,0,,,,0,,0,,0.0000000000000000e+00,,0,0,0,,,,0,,-1,0,0.0000000000000000e+00,,0,,
239,"0238","Kaddi Paneer",0,"K",2.4000000000000000e+02,0.0000000000000000e+00,0,0,0,0,"GRILLED SANDWIC",,0,,0,0,0,0,0,0,,,"PER",,0,0,0,,,,0,,0,,0.0000000000000000e+00,,0,0,0,,,,0,,-1,0,0.0000000000000000e+00,,0,,
240,"0239","Veg Raita",0,"K",1.1000000000000000e+02,0.0000000000000000e+00,0,0,0,0,"DESSERTS",,0,,0,0,0,0,0,0,,,"PER",,0,0,0,,,,0,,0,,0.0000000000000000e+00,,0,0,0,,,,0,,-1,0,0.0000000000000000e+00,,0,,
241,"0240","Gulab Jamun",0,"K",1.2000000000000000e+02,0.0000000000000000e+00,0,0,0,0,"WAFFLES",,0,,0,0,0,0,0,0,,,"PER",,0,0,0,,,,0,,0,,0.0000000000000000e+00,,0,0,0,,,,0,,-1,0,0.0000000000000000e+00,,0,,
242,"0241","Egg Bhurji",0,"K",8.0000000000000000e+01,0.0000000000000000e+00,0,0,0,0,"GRILLED SANDWIC",,0,,0,0,0,0,0,0,,,"PER",,0,0,0,,,,0,,0,,0.0000000000000000e+00,,0,0,0,,,,0,,-1,0,0.0000000000000000e+00,,0,,
243,"0242","Aloo Mutter",0,"K",1.6000000000000000e+02,0.0000000000000000e+00,0,0,0,0,"GLUTEN FREE TRE",,0,,0,0,0,0,0,0,,,"PER",,0,0,0,,,,0,,0,,0.0000000000000000e+00,,0,0,0,,,,0,,-1,0,0.0000000000000000e+00,,0,,
244,"0243","Dal",0,"K",1.8000000000000000e+02,0.0000000000000000e+00,0,0,0,0,"GLUTEN FREE TRE",,0,,0,0,0,0,0,0,,,"PER",,0,0,0,,,,0,,0,,0.0000000000000000e+00,,0,0,0,,,,0,,-1,0,0.0000000000000000e+00,,0,,
245,"0244","Waffles",0,"K",1.2000000000000000e+02,0.0000000000000000e+00,0,0,0,0,"DESSERTS",,0,,0,0,0,0,0,0,,,"PER",,0,0,0,,,,0,,0,,0.0000000000000000e+00,,0,0,0,,,,0,,-1,0,0.0000000000000000e+00,,0,,
246,"0245","Egg Fride Rice",0,"K",1.5000000000000000e+02,0.0000000000000000e+00,0,0,0,0,"HEALTHY COLD SA",,0,,0,0,0,0,0,0,,,"PER",,0,0,0,,,,0,,0,,0.0000000000000000e+00,,0,0,0,,,,0,,-1,0,0.0000000000000000e+00,,0,,
247,"0246","Butter Tost C",0,"K",1.8000000000000000e+02,0.0000000000000000e+00,0,0,0,0,"HEALTHY COLD SA",,0,,0,0,0,0,0,0,,,"PER",,0,0,0,,,,0,,0,,0.0000000000000000e+00,,0,0,0,,,,0,,-1,0,0.0000000000000000e+00,,0,,
248,"0247","Manchurain Non-Veg",0,"K",3.8000000000000000e+02,0.0000000000000000e+00,0,0,0,1,"PASTA",,0,,0,0,0,0,0,0,,,"PER",,0,0,0,,,,0,,0,,0.0000000000000000e+00,,0,0,0,,,,0,,-1,0,0.0000000000000000e+00,,0,,
249,"0248","Onion Tomato Cucumber Sandwich",0,"K",1.4000000000000000e+02,0.0000000000000000e+00,0,0,0,1,"GRILLED SANDWIC",,0,,0,0,0,0,0,0,,,"PER",,0,0,0,,,,0,,0,,0.0000000000000000e+00,,0,0,0,,,,0,,-1,0,0.0000000000000000e+00,,0,,
250,"0249","Onion Tomato Cucumber Sandwich Comb",0,"K",2.2000000000000000e+02,0.0000000000000000e+00,0,0,0,1,"GRILLED SANDWIC",,0,,0,0,0,0,0,0,,,"PER",,0,0,0,,,,0,,0,,0.0000000000000000e+00,,0,0,0,,,,0,,-1,0,0.0000000000000000e+00,,0,,
251,"0250","Ginger/ Garlic Chicken F",0,"K",4.5000000000000000e+02,0.0000000000000000e+00,0,0,0,0,"STARTERS",,0,,0,0,0,0,0,0,,,"PER",,0,0,0,,,,0,,0,,0.0000000000000000e+00,,0,0,0,,,,0,,-1,0,0.0000000000000000e+00,,0,,
252,"0251","Ginger/ Garlic Chicken H",0,"K",3.4000000000000000e+02,0.0000000000000000e+00,0,0,0,0,"STARTERS",,0,,0,0,0,0,0,0,,,"PER",,0,0,0,,,,0,,0,,0.0000000000000000e+00,,0,0,0,,,,0,,-1,0,0.0000000000000000e+00,,0,,
253,"0252","Mushroom & Corn S",0,"K",1.7000000000000000e+02,0.0000000000000000e+00,0,0,0,0,"GRILLED SANDWIC",,0,,0,0,0,0,0,0,,,"PER",,0,0,0,,,,0,,0,,0.0000000000000000e+00,,0,0,0,,,,0,,-1,0,0.0000000000000000e+00,,0,,
254,"0253","Mushroom & Corn C",0,"K",2.4000000000000000e+02,0.0000000000000000e+00,0,0,0,0,"GRILLED SANDWIC",,0,,0,0,0,0,0,0,,,"PER",,0,0,0,,,,0,,0,,0.0000000000000000e+00,,0,0,0,,,,0,,-1,0,0.0000000000000000e+00,,0,,
255,"0254","Shashi Pnair",0,"K",2.5000000000000000e+02,0.0000000000000000e+00,0,0,0,0,"DESSERTS",,0,,0,0,0,0,0,0,,,"PER",,0,0,0,,,,0,,0,,0.0000000000000000e+00,,0,0,0,,,,0,,-1,0,0.0000000000000000e+00,,0,,
256,"0255","Masala Maggi",0,"K",7.5000000000000000e+01,0.0000000000000000e+00,0,0,0,0,"HEALTHY COLD SA",,0,,0,0,0,0,0,0,,,"PER",,0,0,0,,,,0,,0,,0.0000000000000000e+00,,0,0,0,,,,0,,-1,0,0.0000000000000000e+00,,0,,
257,"0256","Veg Sandwich C",0,"K",2.2000000000000000e+02,0.0000000000000000e+00,0,0,0,0,"GRILLED SANDWIC",,0,,0,0,0,0,0,0,,,"PER",,0,0,0,,,,0,,0,,0.0000000000000000e+00,,0,0,0,,,,0,,-1,0,0.0000000000000000e+00,,0,,
258,"0257","Plain Maggi",0,"K",5.0000000000000000e+01,0.0000000000000000e+00,0,0,0,0,"GRILLED SANDWIC",,0,,0,0,0,0,0,0,,,"PER",,0,0,0,,,,0,,0,,0.0000000000000000e+00,,0,0,0,,,,0,,-1,0,0.0000000000000000e+00,,0,,
259,"0258","Musroom & Corn Wraps",0,"K",1.8000000000000000e+02,0.0000000000000000e+00,0,0,0,0,"GRILLED SANDWIC",,0,,0,0,0,0,0,0,,,"PER",,0,0,0,,,,0,,0,,0.0000000000000000e+00,,0,0,0,,,,0,,-1,0,0.0000000000000000e+00,,0,,
260,"0259","Black Coffee L",0,"K",1.1000000000000000e+02,0.0000000000000000e+00,0,0,0,0,"DESSERTS",,0,,0,0,0,0,0,0,,,"PER",,0,0,0,,,,0,,0,,0.0000000000000000e+00,,0,0,0,,,,0,,-1,0,0.0000000000000000e+00,,0,,
261,"0260","Mutton Sheek",0,"K",2.5000000000000000e+02,0.0000000000000000e+00,0,0,0,0,"DESSERTS",,0,,0,0,0,0,0,0,,,"PER",,0,0,0,,,,0,,0,,0.0000000000000000e+00,,0,0,0,,,,0,,-1,0,0.0000000000000000e+00,,0,,
262,"0261","Chicken Biryani",0,"K",2.8000000000000000e+02,0.0000000000000000e+00,0,0,0,0,"HEALTHY COLD SA",,0,,0,0,0,0,0,0,,,"PER",,0,0,0,,,,0,,0,,0.0000000000000000e+00,,0,0,0,,,,0,,-1,0,0.0000000000000000e+00,,0,,
263,"0262","Mix Veg",0,"K",1.8000000000000000e+02,0.0000000000000000e+00,0,0,0,0,"BURGERS & HOT D",,0,,0,0,0,0,0,0,,,"PER",,0,0,0,,,,0,,0,,0.0000000000000000e+00,,0,0,0,,,,0,,-1,0,0.0000000000000000e+00,,0,,
264,"0263","Masala Chicken F",0,"K",4.5000000000000000e+02,0.0000000000000000e+00,0,0,0,0,"PASTA",,0,,0,0,0,0,0,0,,,"PER",,0,0,0,,,,0,,0,,0.0000000000000000e+00,,0,0,0,,,,0,,-1,0,0.0000000000000000e+00,,0,,
265,"0264","Lemon Chicken F",0,"K",4.4000000000000000e+02,0.0000000000000000e+00,0,0,0,0,"ADDONS",,0,,0,0,0,0,0,0,,,"PER",,0,0,0,,,,0,,0,,0.0000000000000000e+00,,0,0,0,,,,0,,-1,0,0.0000000000000000e+00,,0,,
266,"0265","Lemon  Chicken H",0,"K",3.3000000000000000e+02,0.0000000000000000e+00,0,0,0,0,"ADDONS",,0,,0,0,0,0,0,0,,,"PER",,0,0,0,,,,0,,0,,0.0000000000000000e+00,,0,0,0,,,,0,,-1,0,0.0000000000000000e+00,,0,,
267,"0266","Paneer Butter Masala",0,"K",2.6000000000000000e+02,0.0000000000000000e+00,0,0,0,0,"DESSERTS",,0,,0,0,0,0,0,0,,,"PER",,0,0,0,,,,0,,0,,0.0000000000000000e+00,,0,0,0,,,,0,,-1,0,0.0000000000000000e+00,,0,,
268,"0267","Fruit Pudding",0,"K",6.5000000000000000e+01,0.0000000000000000e+00,0,0,0,0,"ADDONS",,0,,0,0,0,0,0,0,,,"PER",,0,0,0,,,,0,,0,,0.0000000000000000e+00,,0,0,0,,,,0,,-1,0,0.0000000000000000e+00,,0,,
269,"0268","Truffle Pudding",0,"K",8.5000000000000000e+01,0.0000000000000000e+00,0,0,0,0,"ADDONS",,0,,0,0,0,0,0,0,,,"PER",,0,0,0,,,,0,,0,,0.0000000000000000e+00,,0,0,0,,,,0,,-1,0,0.0000000000000000e+00,,0,,
270,"0269","Classic Margarita L",0,"K",3.5000000000000000e+02,0.0000000000000000e+00,0,0,0,0,"PIZZAS",,0,,0,0,0,0,0,0,,,"PER",,0,0,0,,,,0,,0,,0.0000000000000000e+00,,0,0,0,,,,0,,-1,0,0.0000000000000000e+00,,0,,
271,"0270","Hot Americano M",0,"K",1.6000000000000000e+02,0.0000000000000000e+00,0,0,0,0,"DESSERTS",,0,,0,0,0,0,0,0,,,"PER",,0,0,0,,,,0,,0,,0.0000000000000000e+00,,0,0,0,,,,0,,-1,0,0.0000000000000000e+00,,0,,
272,"0271","Hot Americano L",0,"K",2.2000000000000000e+02,0.0000000000000000e+00,0,0,0,0,"DESSERTS",,0,,0,0,0,0,0,0,,,"PER",,0,0,0,,,,0,,0,,0.0000000000000000e+00,,0,0,0,,,,0,,-1,0,0.0000000000000000e+00,,0,,
273,"0272","Aloo Prantha",0,"K",8.0000000000000000e+01,0.0000000000000000e+00,0,0,0,0,"DESSERTS",,0,,0,0,0,0,0,0,,,"PER",,0,0,0,,,,0,,0,,0.0000000000000000e+00,,0,0,0,,,,0,,-1,0,0.0000000000000000e+00,,0,,
274,"0273","Black Forest Pastry",0,"K",8.5000000000000000e+01,0.0000000000000000e+00,0,0,0,0,"ADDONS",,0,,0,0,0,0,0,0,,,"PER",,0,0,0,,,,0,,0,,0.0000000000000000e+00,,0,0,0,,,,0,,-1,0,0.0000000000000000e+00,,0,,
275,"0274","Pyramid Pastry",0,"K",9.5000000000000000e+01,0.0000000000000000e+00,0,0,0,0,"BURGERS & HOT D",,0,,0,0,0,0,0,0,,,"PER",,0,0,0,,,,0,,0,,0.0000000000000000e+00,,0,0,0,,,,0,,-1,0,0.0000000000000000e+00,,0,,
276,"0275","Milk L",0,"K",1.2000000000000000e+02,0.0000000000000000e+00,0,0,0,0,"BURGERS & HOT D",,0,,0,0,0,0,0,0,,,"PER",,0,0,0,,,,0,,0,,0.0000000000000000e+00,,0,0,0,,,,0,,-1,0,0.0000000000000000e+00,,0,,
277,"0276","Waffles With Ice Crem",0,"K",1.5000000000000000e+02,0.0000000000000000e+00,0,0,0,0,"BURGERS & HOT D",,0,,0,0,0,0,0,0,,,"PER",,0,0,0,,,,0,,0,,0.0000000000000000e+00,,0,0,0,,,,0,,-1,0,0.0000000000000000e+00,,0,,
278,"0277","Per Person",0,"K",1.5000000000000000e+02,0.0000000000000000e+00,0,0,0,0,"BURGERS & HOT D",,0,,0,0,0,0,0,0,,,"PER",,0,0,0,,,,0,,0,,0.0000000000000000e+00,,0,0,0,,,,0,,-1,0,0.0000000000000000e+00,,0,,
279,"0278","Mutter Panir H",0,"K",1.2000000000000000e+02,0.0000000000000000e+00,0,0,0,0,"GLUTEN FREE TRE",,0,,0,0,0,0,0,0,,,"PER",,0,0,0,,,,0,,0,,0.0000000000000000e+00,,0,0,0,,,,0,,-1,0,0.0000000000000000e+00,,0,,
280,"0279","Mutter Paneer H",0,"K",1.2000000000000000e+02,0.0000000000000000e+00,0,0,0,0,"GLUTEN FREE TRE",,0,,0,0,0,0,0,0,,,"PER",,0,0,0,,,,0,,0,,0.0000000000000000e+00,,0,0,0,,,,0,,-1,0,0.0000000000000000e+00,,0,,
281,"0280","Egg Salami Wraps",0,"K",2.2000000000000000e+02,0.0000000000000000e+00,0,0,0,0,"DESSERTS",,0,,0,0,0,0,0,0,,,"PER",,0,0,0,,,,0,,0,,0.0000000000000000e+00,,0,0,0,,,,0,,-1,0,0.0000000000000000e+00,,0,,
282,"0281","Jira Aloo",0,"K",1.5000000000000000e+02,0.0000000000000000e+00,0,0,0,0,"ADDONS",,0,,0,0,0,0,0,0,,,"PER",,0,0,0,,,,0,,0,,0.0000000000000000e+00,,0,0,0,,,,0,,-1,0,0.0000000000000000e+00,,0,,
283,"0282","Chana Puri",0,"K",1.2000000000000000e+02,0.0000000000000000e+00,0,0,0,0,"HEALTHY COLD SA",,0,,0,0,0,0,0,0,,,"PER",,0,0,0,,,,0,,0,,0.0000000000000000e+00,,0,0,0,,,,0,,-1,0,0.0000000000000000e+00,,0,,
284,"0283","Bubbl Tea Mango & Strawberry",0,"K",2.1000000000000000e+02,0.0000000000000000e+00,0,0,0,0,"HOT BEVERAGES",,0,,0,0,0,0,0,0,,,"PER",,0,0,0,,,,0,,0,,0.0000000000000000e+00,,0,0,0,,,,0,,-1,0,0.0000000000000000e+00,,0,,
285,"0284","Sausage Pizza L",0,"K",4.3000000000000000e+02,0.0000000000000000e+00,0,0,0,0,"PIZZAS",,0,,0,0,0,0,0,0,,,"PER",,0,0,0,,,,0,,0,,0.0000000000000000e+00,,0,0,0,,,,0,,-1,0,0.0000000000000000e+00,,0,,
286,"0285","Sausage Pizza S",0,"K",3.6000000000000000e+02,0.0000000000000000e+00,0,0,0,0,"PIZZAS",,0,,0,0,0,0,0,0,,,"PER",,0,0,0,,,,0,,0,,0.0000000000000000e+00,,0,0,0,,,,0,,-1,0,0.0000000000000000e+00,,0,,
287,"0286","Jelly Shot",0,"K",2.0000000000000000e+01,0.0000000000000000e+00,0,0,0,0,"DESSERTS",,0,,0,0,0,0,0,0,,,"PER",,0,0,0,,,,0,,0,,0.0000000000000000e+00,,0,0,0,,,,0,,-1,0,0.0000000000000000e+00,,0,,
288,"0287","Jelly Pudding",0,"K",1.4000000000000000e+02,0.0000000000000000e+00,0,0,0,0,"DESSERTS",,0,,0,0,0,0,0,0,,,"PER",,0,0,0,,,,0,,0,,0.0000000000000000e+00,,0,0,0,,,,0,,-1,0,0.0000000000000000e+00,,0,,
289,"0288","Bubble Tea Blue Berry",0,"K",2.5000000000000000e+02,0.0000000000000000e+00,0,0,0,0,"DESSERTS",,0,,0,0,0,0,0,0,,,"PER",,0,0,0,,,,0,,0,,0.0000000000000000e+00,,0,0,0,,,,0,,-1,0,0.0000000000000000e+00,,0,,
290,"0289","Bubble Tea Chocolate",0,"K",2.3000000000000000e+02,0.0000000000000000e+00,0,0,0,0,"DESSERTS",,0,,0,0,0,0,0,0,,,"PER",,0,0,0,,,,0,,0,,0.0000000000000000e+00,,0,0,0,,,,0,,-1,0,0.0000000000000000e+00,,0,,
291,"0290","Classsic Bubble Tea",0,"K",1.8000000000000000e+02,0.0000000000000000e+00,0,0,0,0,"DESSERTS",,0,,0,0,0,0,0,0,,,"PER",,0,0,0,,,,0,,0,,0.0000000000000000e+00,,0,0,0,,,,0,,-1,0,0.0000000000000000e+00,,0,,
292,"0291","Fruti",0,"K",2.0000000000000000e+01,0.0000000000000000e+00,0,0,0,0,"ICE SODA BLAST",,0,,0,0,0,0,0,0,,,"PER",,0,0,0,,,,0,,0,,0.0000000000000000e+00,,0,0,0,,,,0,,-1,0,0.0000000000000000e+00,,0,,
293,"0292","Mango Pudding",0,"K",1.2000000000000000e+02,0.0000000000000000e+00,0,0,0,0,"BURGERS & HOT D",,0,,0,0,0,0,0,0,,,"PER",,0,0,0,,,,0,,0,,0.0000000000000000e+00,,0,0,0,,,,0,,-1,0,0.0000000000000000e+00,,0,,